Name,Type,Total produced,Total sold,Total unsold,Damaged,Month,Year,Quarter,Edition,Price,Gender, Sales percent , Damage percent ,Estimated revenue,Unrealized revenue,Unrealized Revenue(Damaged),Total unrialized rev ,Price bucket
Nike Air Force 1 07 Sneakers,Creamy,24592,5819,9761,9012,September,2017,Q3,Limited,115,M,23.66,36.65,"$669,185","$1,122,515","$1,036,380","$2,158,895",High
Adidas Originals Samba OG Shoes,Creamy,81482,16395,26389,38698,September,2019,Q3,Standard,100,M,20.12,47.49,"$1,639,500","$2,638,900","$3,869,800","$6,508,700",Mid
Air Jordan 1 Mid Shoes,Peanut Butter,76237,8478,41697,26062,January,2023,Q1,Special Release,110,F,11.12,34.19,"$932,580","$4,586,670","$2,866,820","$7,453,490",High
Red Tape Casual Sneakers,Brownie,46463,5425,30575,10463,October,2022,Q4,Anniversary,35,M,11.68,22.52,"$189,875","$1,070,125","$366,205","$1,436,330",Low
Nike Court Vision Low Shoes,Peanut Butter,54118,11698,36342,6078,April,2019,Q2,Standard,80,F,21.62,11.23,"$935,840","$2,907,360","$486,240","$3,393,600",Mid
Puma Smash V2 Sneakers,Brownie,44671,7847,6716,30108,January,2021,Q1,Standard,65,F,17.57,67.4,"$510,055","$436,540","$1,957,020","$2,393,560",Mid
Converse Chuck Taylor All Star,Classic,82357,43427,15230,23700,June,2021,Q2,Limited,60,M,52.73,28.78,"$2,605,620","$913,800","$1,422,000","$2,335,800",Mid
New Balance 574 Core,Creamy,39871,23965,14599,1307,August,2024,Q3,Limited,90,F,60.11,3.28,"$2,156,850","$1,313,910","$117,630","$1,431,540",Mid
Reebok Classic Leather,Almond,69429,46660,10815,11954,October,2016,Q4,Holiday,85,F,67.21,17.22,"$3,966,100","$919,275","$1,016,090","$1,935,365",Mid
Under Armour Charged Assert 9,Creamy,99593,89939,8485,1169,October,2021,Q4,Limited,75,M,90.31,1.17,"$6,745,425","$636,375","$87,675","$724,050",Mid
Fila Disruptor II Premium,Peanut Butter,70589,54735,11432,4422,March,2022,Q1,Special Release,70,F,77.54,6.26,"$3,831,450","$800,240","$309,540","$1,109,780",Mid
ASICS Gel-Quantum 90,White Chocolate,17331,8752,8054,525,January,2024,Q1,Holiday,100,M,50.5,3.03,"$875,200","$805,400","$52,500","$857,900",Mid
Skechers DLites,Peanut Butter,84341,46245,24162,13934,May,2022,Q2,Anniversary,75,F,54.83,16.52,"$3,468,375","$1,812,150","$1,045,050","$2,857,200",Mid
Vans Old Skool,Peanut Butter,44718,14150,22487,8081,May,2023,Q2,Special Release,70,F,31.64,18.07,"$990,500","$1,574,090","$565,670","$2,139,760",Mid
Onitsuka Tiger Mexico 66,Brownie,62350,28723,19254,14373,July,2016,Q3,Special Release,100,M,46.07,23.05,"$2,872,300","$1,925,400","$1,437,300","$3,362,700",Mid
Lacoste Carnaby Evo,White Chocolate,24371,10008,4083,10280,October,2016,Q4,Anniversary,95,F,41.07,42.18,"$950,760","$387,885","$976,600","$1,364,485",Mid
Superga 2750 Cotu Classic,Crisper,88104,66348,4418,17338,October,2017,Q4,Special Release,65,M,75.31,19.68,"$4,312,620","$287,170","$1,126,970","$1,414,140",Mid
Hoka One One Clifton 8,Creamy,25014,22595,1327,1092,August,2023,Q3,Holiday,140,F,90.33,4.37,"$3,163,300","$185,780","$152,880","$338,660",High
Saucony Jazz Original,Peanut Butter,69470,5212,1749,62509,February,2023,Q1,Holiday,80,M,7.5,89.98,"$416,960","$139,920","$5,000,720","$5,140,640",Mid
Columbia Trailstorm Waterproof,Brownie,23947,14779,851,8317,October,2021,Q4,Limited,110,M,61.72,34.73,"$1,625,690","$93,610","$914,870","$1,008,480",High
Nike Air Force 1 07 Sneakers,Brownie,79514,5074,31953,42487,June,2020,Q2,Standard,115,F,6.38,53.43,"$583,510","$3,674,595","$4,886,005","$8,560,600",High
Adidas Originals Samba OG Shoes,White Chocolate,50306,20692,27716,1898,September,2017,Q3,Special Release,100,M,41.13,3.77,"$2,069,200","$2,771,600","$189,800","$2,961,400",Mid
Air Jordan 1 Mid Shoes,Creamy,73699,14071,9782,49846,December,2020,Q4,Limited,110,F,19.09,67.63,"$1,547,810","$1,076,020","$5,483,060","$6,559,080",High
Red Tape Casual Sneakers,Brownie,31643,13685,668,17290,October,2024,Q4,Special Release,35,M,43.25,54.64,"$478,975","$23,380","$605,150","$628,530",Low
Nike Court Vision Low Shoes,Brownie,36365,28361,5451,2553,June,2019,Q2,Holiday,80,F,77.99,7.02,"$2,268,880","$436,080","$204,240","$640,320",Mid
Puma Smash V2 Sneakers,Classic,42493,19725,20670,2098,October,2018,Q4,Standard,65,M,46.42,4.94,"$1,282,125","$1,343,550","$136,370","$1,479,920",Mid
Converse Chuck Taylor All Star,Brownie,38864,5471,28741,4652,December,2022,Q4,Standard,60,M,14.08,11.97,"$328,260","$1,724,460","$279,120","$2,003,580",Mid
New Balance 574 Core,White Chocolate,53309,9643,9971,33695,September,2017,Q3,Holiday,90,M,18.09,63.21,"$867,870","$897,390","$3,032,550","$3,929,940",Mid
Reebok Classic Leather,Brownie,27342,23711,1271,2360,April,2020,Q2,Limited,85,F,86.72,8.63,"$2,015,435","$108,035","$200,600","$308,635",Mid
Under Armour Charged Assert 9,Peanut Butter,22363,8176,3391,10796,November,2019,Q4,Holiday,75,F,36.56,48.28,"$613,200","$254,325","$809,700","$1,064,025",Mid
Fila Disruptor II Premium,White Chocolate,17100,16032,867,201,September,2015,Q3,Anniversary,70,M,93.75,1.18,"$1,122,240","$60,690","$14,070","$74,760",Mid
ASICS Gel-Quantum 90,Peanut Butter,35112,11232,6307,17573,January,2020,Q1,Limited,100,F,31.99,50.05,"$1,123,200","$630,700","$1,757,300","$2,388,000",Mid
Skechers DLites,Crisper,42742,9940,3761,29041,January,2024,Q1,Special Release,75,M,23.26,67.94,"$745,500","$282,075","$2,178,075","$2,460,150",Mid
Vans Old Skool,Classic,40982,15899,11766,13317,June,2020,Q2,Anniversary,70,F,38.8,32.49,"$1,112,930","$823,620","$932,190","$1,755,810",Mid
Onitsuka Tiger Mexico 66,Classic,31579,17418,14126,35,May,2019,Q2,Holiday,100,F,55.16,0.11,"$1,741,800","$1,412,600","$3,500","$1,416,100",Mid
Lacoste Carnaby Evo,Almond,65444,50651,2825,11968,October,2023,Q4,Special Release,95,F,77.4,18.29,"$4,811,845","$268,375","$1,136,960","$1,405,335",Mid
Superga 2750 Cotu Classic,Peanut Butter,34890,14722,13035,7133,August,2015,Q3,Special Release,65,M,42.2,20.44,"$956,930","$847,275","$463,645","$1,310,920",Mid
Hoka One One Clifton 8,Creamy,51104,8746,39072,3286,July,2021,Q3,Anniversary,140,M,17.11,6.43,"$1,224,440","$5,470,080","$460,040","$5,930,120",High
Saucony Jazz Original,Classic,76562,15500,5269,55793,January,2017,Q1,Standard,80,M,20.25,72.87,"$1,240,000","$421,520","$4,463,440","$4,884,960",Mid
Columbia Trailstorm Waterproof,Crisper,25713,23667,1542,504,June,2021,Q2,Special Release,110,M,92.04,1.96,"$2,603,370","$169,620","$55,440","$225,060",High
Nike Air Force 1 07 Sneakers,Crisper,96163,81503,5400,9260,November,2020,Q4,Holiday,115,M,84.76,9.63,"$9,372,845","$621,000","$1,064,900","$1,685,900",High
Adidas Originals Samba OG Shoes,Creamy,51180,20642,21835,8703,June,2019,Q2,Limited,100,F,40.33,17,"$2,064,200","$2,183,500","$870,300","$3,053,800",Mid
Air Jordan 1 Mid Shoes,Crisper,51441,9754,41077,610,February,2020,Q1,Special Release,110,M,18.96,1.19,"$1,072,940","$4,518,470","$67,100","$4,585,570",High
Red Tape Casual Sneakers,Classic,80468,32938,14377,33153,December,2017,Q4,Limited,35,M,40.93,41.2,"$1,152,830","$503,195","$1,160,355","$1,663,550",Low
Nike Court Vision Low Shoes,Peanut Butter,58434,23676,24420,10338,November,2019,Q4,Special Release,80,M,40.52,17.69,"$1,894,080","$1,953,600","$827,040","$2,780,640",Mid
Puma Smash V2 Sneakers,Creamy,82692,44240,31664,6788,November,2024,Q4,Limited,65,M,53.5,8.21,"$2,875,600","$2,058,160","$441,220","$2,499,380",Mid
Converse Chuck Taylor All Star,Creamy,82512,25374,39290,17848,February,2018,Q1,Special Release,60,F,30.75,21.63,"$1,522,440","$2,357,400","$1,070,880","$3,428,280",Mid
New Balance 574 Core,Peanut Butter,93130,39600,20408,33122,June,2020,Q2,Holiday,90,M,42.52,35.57,"$3,564,000","$1,836,720","$2,980,980","$4,817,700",Mid
Reebok Classic Leather,Classic,93136,60518,5442,27176,February,2018,Q1,Standard,85,M,64.98,29.18,"$5,144,030","$462,570","$2,309,960","$2,772,530",Mid
Under Armour Charged Assert 9,Creamy,44335,15589,4458,24288,December,2019,Q4,Special Release,75,M,35.16,54.78,"$1,169,175","$334,350","$1,821,600","$2,155,950",Mid
Fila Disruptor II Premium,Classic,19862,19468,41,353,September,2016,Q3,Special Release,70,F,98.02,1.78,"$1,362,760","$2,870","$24,710","$27,580",Mid
ASICS Gel-Quantum 90,Brownie,82420,24410,29844,28166,June,2016,Q2,Standard,100,M,29.62,34.17,"$2,441,000","$2,984,400","$2,816,600","$5,801,000",Mid
Skechers DLites,Almond,37535,27349,6098,4088,June,2022,Q2,Standard,75,F,72.86,10.89,"$2,051,175","$457,350","$306,600","$763,950",Mid
Vans Old Skool,Brownie,30257,12757,12176,5324,December,2023,Q4,Limited,70,M,42.16,17.6,"$892,990","$852,320","$372,680","$1,225,000",Mid
Onitsuka Tiger Mexico 66,Peanut Butter,53540,31982,13427,8131,December,2017,Q4,Limited,100,M,59.73,15.19,"$3,198,200","$1,342,700","$813,100","$2,155,800",Mid
Lacoste Carnaby Evo,Crisper,15075,12711,1453,911,March,2017,Q1,Anniversary,95,M,84.32,6.04,"$1,207,545","$138,035","$86,545","$224,580",Mid
Superga 2750 Cotu Classic,Peanut Butter,13101,10406,1904,791,June,2019,Q2,Holiday,65,M,79.43,6.04,"$676,390","$123,760","$51,415","$175,175",Mid
Hoka One One Clifton 8,White Chocolate,46585,28012,1881,16692,June,2019,Q2,Special Release,140,M,60.13,35.83,"$3,921,680","$263,340","$2,336,880","$2,600,220",High
Saucony Jazz Original,Classic,44237,16702,8511,19024,December,2017,Q4,Standard,80,F,37.76,43,"$1,336,160","$680,880","$1,521,920","$2,202,800",Mid
Columbia Trailstorm Waterproof,Almond,51114,33599,757,16758,April,2016,Q2,Anniversary,110,M,65.73,32.79,"$3,695,890","$83,270","$1,843,380","$1,926,650",High
Nike Air Force 1 07 Sneakers,Almond,15817,12144,3667,6,October,2020,Q4,Special Release,115,M,76.78,0.04,"$1,396,560","$421,705",$690,"$422,395",High
Adidas Originals Samba OG Shoes,Almond,66531,9585,13415,43531,September,2018,Q3,Special Release,100,M,14.41,65.43,"$958,500","$1,341,500","$4,353,100","$5,694,600",Mid
Air Jordan 1 Mid Shoes,Creamy,49363,38234,6062,5067,June,2022,Q2,Anniversary,110,F,77.45,10.26,"$4,205,740","$666,820","$557,370","$1,224,190",High
Red Tape Casual Sneakers,Brownie,26683,11286,8509,6888,June,2022,Q2,Anniversary,35,M,42.3,25.81,"$395,010","$297,815","$241,080","$538,895",Low
Nike Court Vision Low Shoes,Brownie,84593,44446,13535,26612,February,2021,Q1,Standard,80,M,52.54,31.46,"$3,555,680","$1,082,800","$2,128,960","$3,211,760",Mid
Puma Smash V2 Sneakers,Crisper,86019,84516,163,1340,August,2018,Q3,Anniversary,65,M,98.25,1.56,"$5,493,540","$10,595","$87,100","$97,695",Mid
Converse Chuck Taylor All Star,Brownie,72021,27241,1602,43178,December,2015,Q4,Holiday,60,F,37.82,59.95,"$1,634,460","$96,120","$2,590,680","$2,686,800",Mid
New Balance 574 Core,Classic,40784,25343,11761,3680,January,2024,Q1,Limited,90,M,62.14,9.02,"$2,280,870","$1,058,490","$331,200","$1,389,690",Mid
Reebok Classic Leather,Peanut Butter,72277,14545,27886,29846,August,2019,Q3,Special Release,85,F,20.12,41.29,"$1,236,325","$2,370,310","$2,536,910","$4,907,220",Mid
Under Armour Charged Assert 9,Crisper,62383,20989,31723,9671,May,2022,Q2,Standard,75,M,33.65,15.5,"$1,574,175","$2,379,225","$725,325","$3,104,550",Mid
Fila Disruptor II Premium,White Chocolate,65724,19341,34857,11526,January,2024,Q1,Special Release,70,M,29.43,17.54,"$1,353,870","$2,439,990","$806,820","$3,246,810",Mid
ASICS Gel-Quantum 90,White Chocolate,25906,19957,4857,1092,December,2023,Q4,Anniversary,100,F,77.04,4.22,"$1,995,700","$485,700","$109,200","$594,900",Mid
Skechers DLites,White Chocolate,68008,45150,6318,16540,October,2019,Q4,Special Release,75,M,66.39,24.32,"$3,386,250","$473,850","$1,240,500","$1,714,350",Mid
Vans Old Skool,Creamy,72216,63991,3979,4246,June,2023,Q2,Limited,70,F,88.61,5.88,"$4,479,370","$278,530","$297,220","$575,750",Mid
Onitsuka Tiger Mexico 66,White Chocolate,78327,68517,5891,3919,January,2018,Q1,Anniversary,100,F,87.48,5,"$6,851,700","$589,100","$391,900","$981,000",Mid
Lacoste Carnaby Evo,Peanut Butter,45614,27010,8128,10476,January,2021,Q1,Standard,95,M,59.21,22.97,"$2,565,950","$772,160","$995,220","$1,767,380",Mid
Superga 2750 Cotu Classic,Crisper,30028,28147,1443,438,September,2015,Q3,Anniversary,65,F,93.74,1.46,"$1,829,555","$93,795","$28,470","$122,265",Mid
Hoka One One Clifton 8,Crisper,18161,8388,2890,6883,May,2019,Q2,Special Release,140,M,46.19,37.9,"$1,174,320","$404,600","$963,620","$1,368,220",High
Saucony Jazz Original,White Chocolate,85456,54857,14970,15629,January,2015,Q1,Holiday,80,F,64.19,18.29,"$4,388,560","$1,197,600","$1,250,320","$2,447,920",Mid
Columbia Trailstorm Waterproof,White Chocolate,64921,40272,155,24494,March,2023,Q1,Special Release,110,M,62.03,37.73,"$4,429,920","$17,050","$2,694,340","$2,711,390",High
Nike Air Force 1 07 Sneakers,Crisper,38760,22887,8733,7140,June,2020,Q2,Standard,115,F,59.05,18.42,"$2,632,005","$1,004,295","$821,100","$1,825,395",High
Adidas Originals Samba OG Shoes,Creamy,31632,20315,9226,2091,December,2021,Q4,Special Release,100,F,64.22,6.61,"$2,031,500","$922,600","$209,100","$1,131,700",Mid
Air Jordan 1 Mid Shoes,Brownie,83975,8552,64420,11003,March,2022,Q1,Anniversary,110,F,10.18,13.1,"$940,720","$7,086,200","$1,210,330","$8,296,530",High
Red Tape Casual Sneakers,Peanut Butter,16590,9262,4223,3105,September,2018,Q3,Limited,35,F,55.83,18.72,"$324,170","$147,805","$108,675","$256,480",Low
Nike Court Vision Low Shoes,White Chocolate,59692,23235,8830,27627,October,2017,Q4,Standard,80,M,38.92,46.28,"$1,858,800","$706,400","$2,210,160","$2,916,560",Mid
Puma Smash V2 Sneakers,Almond,39389,9496,4294,25599,April,2022,Q2,Standard,65,M,24.11,64.99,"$617,240","$279,110","$1,663,935","$1,943,045",Mid
Converse Chuck Taylor All Star,Peanut Butter,12671,10089,1958,624,September,2017,Q3,Limited,60,M,79.62,4.92,"$605,340","$117,480","$37,440","$154,920",Mid
New Balance 574 Core,Brownie,38569,35476,228,2865,November,2017,Q4,Holiday,90,M,91.98,7.43,"$3,192,840","$20,520","$257,850","$278,370",Mid
Reebok Classic Leather,White Chocolate,31465,15192,14502,1771,June,2021,Q2,Standard,85,F,48.28,5.63,"$1,291,320","$1,232,670","$150,535","$1,383,205",Mid
Under Armour Charged Assert 9,Crisper,35995,7490,9104,19401,September,2022,Q3,Limited,75,F,20.81,53.9,"$561,750","$682,800","$1,455,075","$2,137,875",Mid
Fila Disruptor II Premium,White Chocolate,99687,83697,2793,13197,May,2016,Q2,Special Release,70,F,83.96,13.24,"$5,858,790","$195,510","$923,790","$1,119,300",Mid
ASICS Gel-Quantum 90,Brownie,66148,48353,5653,12142,October,2015,Q4,Special Release,100,M,73.1,18.36,"$4,835,300","$565,300","$1,214,200","$1,779,500",Mid
Skechers DLites,White Chocolate,65057,58892,2150,4015,March,2016,Q1,Anniversary,75,F,90.52,6.17,"$4,416,900","$161,250","$301,125","$462,375",Mid
Vans Old Skool,Creamy,30052,19270,7897,2885,March,2023,Q1,Special Release,70,F,64.12,9.6,"$1,348,900","$552,790","$201,950","$754,740",Mid
Onitsuka Tiger Mexico 66,Brownie,80539,68372,4551,7616,November,2019,Q4,Special Release,100,M,84.89,9.46,"$6,837,200","$455,100","$761,600","$1,216,700",Mid
Lacoste Carnaby Evo,White Chocolate,21359,9569,4405,7385,September,2017,Q3,Anniversary,95,F,44.8,34.58,"$909,055","$418,475","$701,575","$1,120,050",Mid
Superga 2750 Cotu Classic,Almond,13761,13098,331,332,January,2017,Q1,Anniversary,65,F,95.18,2.41,"$851,370","$21,515","$21,580","$43,095",Mid
Hoka One One Clifton 8,Almond,46655,44069,1455,1131,March,2021,Q1,Standard,140,M,94.46,2.42,"$6,169,660","$203,700","$158,340","$362,040",High
Saucony Jazz Original,Classic,41635,31635,1996,8004,March,2021,Q1,Limited,80,F,75.98,19.22,"$2,530,800","$159,680","$640,320","$800,000",Mid
Columbia Trailstorm Waterproof,Crisper,12260,5762,4088,2410,June,2017,Q2,Anniversary,110,F,47,19.66,"$633,820","$449,680","$265,100","$714,780",High
Nike Air Force 1 07 Sneakers,Creamy,86225,53368,1842,31015,March,2021,Q1,Special Release,115,F,61.89,35.97,"$6,137,320","$211,830","$3,566,725","$3,778,555",High
Adidas Originals Samba OG Shoes,Almond,69473,22754,26625,20094,October,2017,Q4,Limited,100,M,32.75,28.92,"$2,275,400","$2,662,500","$2,009,400","$4,671,900",Mid
Air Jordan 1 Mid Shoes,Almond,25670,22559,285,2826,January,2017,Q1,Limited,110,F,87.88,11.01,"$2,481,490","$31,350","$310,860","$342,210",High
Red Tape Casual Sneakers,Almond,87278,73765,3736,9777,March,2018,Q1,Standard,35,F,84.52,11.2,"$2,581,775","$130,760","$342,195","$472,955",Low
Nike Court Vision Low Shoes,Peanut Butter,57301,16759,20733,19809,February,2015,Q1,Special Release,80,M,29.25,34.57,"$1,340,720","$1,658,640","$1,584,720","$3,243,360",Mid
Puma Smash V2 Sneakers,Classic,82529,43290,30964,8275,February,2022,Q1,Anniversary,65,M,52.45,10.03,"$2,813,850","$2,012,660","$537,875","$2,550,535",Mid
Converse Chuck Taylor All Star,Brownie,47268,35762,3663,7843,December,2019,Q4,Holiday,60,M,75.66,16.59,"$2,145,720","$219,780","$470,580","$690,360",Mid
New Balance 574 Core,Almond,72616,19953,48381,4282,June,2019,Q2,Anniversary,90,M,27.48,5.9,"$1,795,770","$4,354,290","$385,380","$4,739,670",Mid
Reebok Classic Leather,Peanut Butter,29555,23443,3623,2489,December,2015,Q4,Limited,85,F,79.32,8.42,"$1,992,655","$307,955","$211,565","$519,520",Mid
Under Armour Charged Assert 9,Brownie,88135,86057,1154,924,September,2023,Q3,Special Release,75,F,97.64,1.05,"$6,454,275","$86,550","$69,300","$155,850",Mid
Fila Disruptor II Premium,Almond,87139,61207,15926,10006,May,2021,Q2,Special Release,70,M,70.24,11.48,"$4,284,490","$1,114,820","$700,420","$1,815,240",Mid
ASICS Gel-Quantum 90,White Chocolate,37235,25496,8282,3457,December,2017,Q4,Standard,100,M,68.47,9.28,"$2,549,600","$828,200","$345,700","$1,173,900",Mid
Skechers DLites,Brownie,19838,7564,12231,43,August,2019,Q3,Anniversary,75,F,38.13,0.22,"$567,300","$917,325","$3,225","$920,550",Mid
Vans Old Skool,Almond,14278,8792,3126,2360,December,2022,Q4,Holiday,70,F,61.58,16.53,"$615,440","$218,820","$165,200","$384,020",Mid
Onitsuka Tiger Mexico 66,Classic,40595,22337,11776,6482,October,2019,Q4,Standard,100,M,55.02,15.97,"$2,233,700","$1,177,600","$648,200","$1,825,800",Mid
Lacoste Carnaby Evo,Almond,28643,7339,19350,1954,November,2016,Q4,Holiday,95,F,25.62,6.82,"$697,205","$1,838,250","$185,630","$2,023,880",Mid
Superga 2750 Cotu Classic,Crisper,26299,20358,300,5641,May,2018,Q2,Anniversary,65,F,77.41,21.45,"$1,323,270","$19,500","$366,665","$386,165",Mid
Hoka One One Clifton 8,Crisper,20543,14798,5419,326,December,2024,Q4,Anniversary,140,F,72.03,1.59,"$2,071,720","$758,660","$45,640","$804,300",High
Saucony Jazz Original,Classic,21970,12501,45,9424,August,2021,Q3,Standard,80,F,56.9,42.89,"$1,000,080","$3,600","$753,920","$757,520",Mid
Columbia Trailstorm Waterproof,Brownie,15273,7870,3549,3854,October,2020,Q4,Anniversary,110,M,51.53,25.23,"$865,700","$390,390","$423,940","$814,330",High
Nike Air Force 1 07 Sneakers,Brownie,67132,46601,4419,16112,January,2016,Q1,Anniversary,115,F,69.42,24,"$5,359,115","$508,185","$1,852,880","$2,361,065",High
Adidas Originals Samba OG Shoes,Almond,97835,18710,58046,21079,September,2018,Q3,Anniversary,100,F,19.12,21.55,"$1,871,000","$5,804,600","$2,107,900","$7,912,500",Mid
Air Jordan 1 Mid Shoes,Creamy,62488,58317,3871,300,February,2020,Q1,Standard,110,F,93.33,0.48,"$6,414,870","$425,810","$33,000","$458,810",High
Red Tape Casual Sneakers,Classic,62976,61682,241,1053,April,2024,Q2,Standard,35,F,97.95,1.67,"$2,158,870","$8,435","$36,855","$45,290",Low
Nike Court Vision Low Shoes,Crisper,17104,8073,537,8494,January,2019,Q1,Special Release,80,F,47.2,49.66,"$645,840","$42,960","$679,520","$722,480",Mid
Puma Smash V2 Sneakers,White Chocolate,16764,8335,4054,4375,February,2021,Q1,Limited,65,F,49.72,26.1,"$541,775","$263,510","$284,375","$547,885",Mid
Converse Chuck Taylor All Star,Creamy,73532,20915,50726,1891,January,2022,Q1,Special Release,60,M,28.44,2.57,"$1,254,900","$3,043,560","$113,460","$3,157,020",Mid
New Balance 574 Core,Almond,82199,6792,3023,72384,July,2019,Q3,Standard,90,M,8.26,88.06,"$611,280","$272,070","$6,514,560","$6,786,630",Mid
Reebok Classic Leather,Crisper,25396,10045,7186,8165,January,2023,Q1,Holiday,85,F,39.55,32.15,"$853,825","$610,810","$694,025","$1,304,835",Mid
Under Armour Charged Assert 9,Crisper,73242,66894,4352,1996,February,2020,Q1,Special Release,75,M,91.33,2.73,"$5,017,050","$326,400","$149,700","$476,100",Mid
Fila Disruptor II Premium,Brownie,76616,22892,49149,4575,February,2018,Q1,Anniversary,70,F,29.88,5.97,"$1,602,440","$3,440,430","$320,250","$3,760,680",Mid
ASICS Gel-Quantum 90,White Chocolate,10336,7317,46,2973,May,2018,Q2,Special Release,100,F,70.79,28.76,"$731,700","$4,600","$297,300","$301,900",Mid
Skechers DLites,White Chocolate,29476,19632,1020,8824,June,2020,Q2,Holiday,75,F,66.6,29.94,"$1,472,400","$76,500","$661,800","$738,300",Mid
Vans Old Skool,Crisper,52176,17363,19163,15650,May,2021,Q2,Anniversary,70,F,33.28,29.99,"$1,215,410","$1,341,410","$1,095,500","$2,436,910",Mid
Onitsuka Tiger Mexico 66,Classic,51704,35996,4154,11554,February,2024,Q1,Anniversary,100,M,69.62,22.35,"$3,599,600","$415,400","$1,155,400","$1,570,800",Mid
Lacoste Carnaby Evo,Crisper,14852,7068,3670,4114,August,2021,Q3,Holiday,95,F,47.59,27.7,"$671,460","$348,650","$390,830","$739,480",Mid
Superga 2750 Cotu Classic,Classic,78937,64890,13796,251,February,2023,Q1,Limited,65,M,82.2,0.32,"$4,217,850","$896,740","$16,315","$913,055",Mid
Hoka One One Clifton 8,Classic,71537,39737,20707,11093,December,2021,Q4,Anniversary,140,F,55.55,15.51,"$5,563,180","$2,898,980","$1,553,020","$4,452,000",High
Saucony Jazz Original,White Chocolate,98389,74942,10995,12452,July,2018,Q3,Anniversary,80,M,76.17,12.66,"$5,995,360","$879,600","$996,160","$1,875,760",Mid
Columbia Trailstorm Waterproof,Brownie,18968,8846,5414,4708,July,2017,Q3,Standard,110,M,46.64,24.82,"$973,060","$595,540","$517,880","$1,113,420",High
Nike Air Force 1 07 Sneakers,White Chocolate,93066,18173,16740,58153,November,2016,Q4,Holiday,115,M,19.53,62.49,"$2,089,895","$1,925,100","$6,687,595","$8,612,695",High
Adidas Originals Samba OG Shoes,Almond,17355,9806,4613,2936,March,2019,Q1,Anniversary,100,F,56.5,16.92,"$980,600","$461,300","$293,600","$754,900",Mid
Air Jordan 1 Mid Shoes,Brownie,99364,28600,48484,22280,December,2016,Q4,Standard,110,F,28.78,22.42,"$3,146,000","$5,333,240","$2,450,800","$7,784,040",High
Red Tape Casual Sneakers,Brownie,99539,36566,30358,32615,July,2021,Q3,Limited,35,F,36.74,32.77,"$1,279,810","$1,062,530","$1,141,525","$2,204,055",Low
Nike Court Vision Low Shoes,Crisper,43466,5615,7361,30490,March,2018,Q1,Special Release,80,F,12.92,70.15,"$449,200","$588,880","$2,439,200","$3,028,080",Mid
Puma Smash V2 Sneakers,Almond,87014,44210,931,41873,October,2019,Q4,Holiday,65,F,50.81,48.12,"$2,873,650","$60,515","$2,721,745","$2,782,260",Mid
Converse Chuck Taylor All Star,Peanut Butter,60422,36667,20261,3494,August,2017,Q3,Anniversary,60,F,60.68,5.78,"$2,200,020","$1,215,660","$209,640","$1,425,300",Mid
New Balance 574 Core,Creamy,48696,6437,16320,25939,January,2018,Q1,Standard,90,M,13.22,53.27,"$579,330","$1,468,800","$2,334,510","$3,803,310",Mid
Reebok Classic Leather,Brownie,75107,42512,7176,25419,December,2023,Q4,Limited,85,F,56.6,33.84,"$3,613,520","$609,960","$2,160,615","$2,770,575",Mid
Under Armour Charged Assert 9,Peanut Butter,93442,29920,22832,40690,October,2017,Q4,Limited,75,M,32.02,43.55,"$2,244,000","$1,712,400","$3,051,750","$4,764,150",Mid
Fila Disruptor II Premium,Almond,67779,7186,22611,37982,February,2019,Q1,Limited,70,F,10.6,56.04,"$503,020","$1,582,770","$2,658,740","$4,241,510",Mid
ASICS Gel-Quantum 90,Almond,64460,16510,34791,13159,June,2016,Q2,Special Release,100,F,25.61,20.41,"$1,651,000","$3,479,100","$1,315,900","$4,795,000",Mid
Skechers DLites,Brownie,75771,40720,24268,10783,November,2017,Q4,Anniversary,75,F,53.74,14.23,"$3,054,000","$1,820,100","$808,725","$2,628,825",Mid
Vans Old Skool,Creamy,54396,12547,11157,30692,November,2015,Q4,Limited,70,M,23.07,56.42,"$878,290","$780,990","$2,148,440","$2,929,430",Mid
Onitsuka Tiger Mexico 66,White Chocolate,98647,93395,1997,3255,June,2024,Q2,Special Release,100,F,94.68,3.3,"$9,339,500","$199,700","$325,500","$525,200",Mid
Lacoste Carnaby Evo,Classic,44663,40164,3487,1012,February,2020,Q1,Holiday,95,F,89.93,2.27,"$3,815,580","$331,265","$96,140","$427,405",Mid
Superga 2750 Cotu Classic,Brownie,59941,58897,284,760,March,2016,Q1,Limited,65,F,98.26,1.27,"$3,828,305","$18,460","$49,400","$67,860",Mid
Hoka One One Clifton 8,Brownie,39015,9142,9053,20820,March,2024,Q1,Anniversary,140,F,23.43,53.36,"$1,279,880","$1,267,420","$2,914,800","$4,182,220",High
Saucony Jazz Original,Creamy,63516,12646,41710,9160,July,2015,Q3,Standard,80,F,19.91,14.42,"$1,011,680","$3,336,800","$732,800","$4,069,600",Mid
Columbia Trailstorm Waterproof,Classic,22739,12693,1239,8807,July,2016,Q3,Anniversary,110,F,55.82,38.73,"$1,396,230","$136,290","$968,770","$1,105,060",High
Nike Air Force 1 07 Sneakers,Brownie,30253,18594,929,10730,February,2016,Q1,Anniversary,115,F,61.46,35.47,"$2,138,310","$106,835","$1,233,950","$1,340,785",High
Adidas Originals Samba OG Shoes,Classic,58566,19238,10271,29057,December,2019,Q4,Limited,100,M,32.85,49.61,"$1,923,800","$1,027,100","$2,905,700","$3,932,800",Mid
Air Jordan 1 Mid Shoes,Creamy,58147,40682,5712,11753,September,2015,Q3,Anniversary,110,M,69.96,20.21,"$4,475,020","$628,320","$1,292,830","$1,921,150",High
Red Tape Casual Sneakers,White Chocolate,69600,11007,15158,43435,May,2017,Q2,Special Release,35,M,15.81,62.41,"$385,245","$530,530","$1,520,225","$2,050,755",Low
Nike Court Vision Low Shoes,White Chocolate,53713,20962,350,32401,May,2016,Q2,Special Release,80,M,39.03,60.32,"$1,676,960","$28,000","$2,592,080","$2,620,080",Mid
Puma Smash V2 Sneakers,Brownie,38305,20269,7270,10766,September,2023,Q3,Limited,65,M,52.91,28.11,"$1,317,485","$472,550","$699,790","$1,172,340",Mid
Converse Chuck Taylor All Star,Almond,28964,9259,2004,17701,October,2017,Q4,Limited,60,M,31.97,61.11,"$555,540","$120,240","$1,062,060","$1,182,300",Mid
New Balance 574 Core,Peanut Butter,11947,7934,778,3235,November,2023,Q4,Limited,90,M,66.41,27.08,"$714,060","$70,020","$291,150","$361,170",Mid
Reebok Classic Leather,Peanut Butter,44782,8434,28041,8307,April,2023,Q2,Anniversary,85,M,18.83,18.55,"$716,890","$2,383,485","$706,095","$3,089,580",Mid
Under Armour Charged Assert 9,Crisper,68756,55988,6837,5931,October,2020,Q4,Special Release,75,M,81.43,8.63,"$4,199,100","$512,775","$444,825","$957,600",Mid
Fila Disruptor II Premium,Brownie,15683,13543,905,1235,February,2020,Q1,Standard,70,F,86.35,7.87,"$948,010","$63,350","$86,450","$149,800",Mid
ASICS Gel-Quantum 90,White Chocolate,62640,32936,7222,22482,March,2016,Q1,Anniversary,100,F,52.58,35.89,"$3,293,600","$722,200","$2,248,200","$2,970,400",Mid
Skechers DLites,Classic,20589,10277,346,9966,August,2016,Q3,Standard,75,F,49.92,48.4,"$770,775","$25,950","$747,450","$773,400",Mid
Vans Old Skool,Crisper,88301,74541,8929,4831,February,2020,Q1,Special Release,70,M,84.42,5.47,"$5,217,870","$625,030","$338,170","$963,200",Mid
Onitsuka Tiger Mexico 66,White Chocolate,24996,23066,454,1476,September,2024,Q3,Limited,100,M,92.28,5.9,"$2,306,600","$45,400","$147,600","$193,000",Mid
Lacoste Carnaby Evo,Crisper,54424,34720,6639,13065,August,2019,Q3,Standard,95,F,63.8,24.01,"$3,298,400","$630,705","$1,241,175","$1,871,880",Mid
Superga 2750 Cotu Classic,Creamy,43408,29530,11378,2500,September,2022,Q3,Anniversary,65,M,68.03,5.76,"$1,919,450","$739,570","$162,500","$902,070",Mid
Hoka One One Clifton 8,Classic,66606,11328,6481,48797,April,2023,Q2,Holiday,140,M,17.01,73.26,"$1,585,920","$907,340","$6,831,580","$7,738,920",High
Saucony Jazz Original,Brownie,83608,78620,2288,2700,July,2022,Q3,Standard,80,F,94.03,3.23,"$6,289,600","$183,040","$216,000","$399,040",Mid
Columbia Trailstorm Waterproof,White Chocolate,16743,9712,2113,4918,July,2018,Q3,Holiday,110,M,58.01,29.37,"$1,068,320","$232,430","$540,980","$773,410",High
Nike Air Force 1 07 Sneakers,Peanut Butter,96079,68201,20530,7348,July,2024,Q3,Standard,115,F,70.98,7.65,"$7,843,115","$2,360,950","$845,020","$3,205,970",High
Adidas Originals Samba OG Shoes,Classic,46512,42624,2962,926,January,2024,Q1,Anniversary,100,M,91.64,1.99,"$4,262,400","$296,200","$92,600","$388,800",Mid
Air Jordan 1 Mid Shoes,Brownie,96223,95894,193,136,April,2015,Q2,Limited,110,F,99.66,0.14,"$10,548,340","$21,230","$14,960","$36,190",High
Red Tape Casual Sneakers,Almond,56009,5400,38721,11888,October,2024,Q4,Limited,35,F,9.64,21.23,"$189,000","$1,355,235","$416,080","$1,771,315",Low
Nike Court Vision Low Shoes,Classic,28595,25747,2723,125,January,2016,Q1,Special Release,80,F,90.04,0.44,"$2,059,760","$217,840","$10,000","$227,840",Mid
Puma Smash V2 Sneakers,Crisper,54681,15315,15115,24251,June,2018,Q2,Holiday,65,M,28.01,44.35,"$995,475","$982,475","$1,576,315","$2,558,790",Mid
Converse Chuck Taylor All Star,Classic,30392,10158,18604,1630,July,2022,Q3,Standard,60,F,33.42,5.36,"$609,480","$1,116,240","$97,800","$1,214,040",Mid
New Balance 574 Core,Crisper,89570,62939,13060,13571,January,2018,Q1,Limited,90,M,70.27,15.15,"$5,664,510","$1,175,400","$1,221,390","$2,396,790",Mid
Reebok Classic Leather,Almond,66349,12267,35520,18562,August,2022,Q3,Special Release,85,F,18.49,27.98,"$1,042,695","$3,019,200","$1,577,770","$4,596,970",Mid
Under Armour Charged Assert 9,Classic,38903,30903,3091,4909,August,2015,Q3,Standard,75,M,79.44,12.62,"$2,317,725","$231,825","$368,175","$600,000",Mid
Fila Disruptor II Premium,White Chocolate,27987,13372,9873,4742,September,2018,Q3,Standard,70,F,47.78,16.94,"$936,040","$691,110","$331,940","$1,023,050",Mid
ASICS Gel-Quantum 90,Peanut Butter,26932,17458,749,8725,November,2022,Q4,Limited,100,F,64.82,32.4,"$1,745,800","$74,900","$872,500","$947,400",Mid
Skechers DLites,Classic,62044,61476,525,43,November,2019,Q4,Standard,75,M,99.08,0.07,"$4,610,700","$39,375","$3,225","$42,600",Mid
Vans Old Skool,White Chocolate,51033,42732,1268,7033,June,2021,Q2,Anniversary,70,F,83.73,13.78,"$2,991,240","$88,760","$492,310","$581,070",Mid
Onitsuka Tiger Mexico 66,Almond,25096,18272,6654,170,August,2018,Q3,Limited,100,F,72.81,0.68,"$1,827,200","$665,400","$17,000","$682,400",Mid
Lacoste Carnaby Evo,White Chocolate,57428,10775,18033,28620,June,2024,Q2,Standard,95,F,18.76,49.84,"$1,023,625","$1,713,135","$2,718,900","$4,432,035",Mid
Superga 2750 Cotu Classic,Brownie,20308,11484,3741,5083,May,2023,Q2,Holiday,65,M,56.55,25.03,"$746,460","$243,165","$330,395","$573,560",Mid
Hoka One One Clifton 8,Classic,76910,19945,22192,34773,September,2020,Q3,Limited,140,F,25.93,45.21,"$2,792,300","$3,106,880","$4,868,220","$7,975,100",High
Saucony Jazz Original,Almond,94599,24358,39273,30968,February,2016,Q1,Limited,80,M,25.75,32.74,"$1,948,640","$3,141,840","$2,477,440","$5,619,280",Mid
Columbia Trailstorm Waterproof,Brownie,30036,29910,29,97,May,2022,Q2,Standard,110,F,99.58,0.32,"$3,290,100","$3,190","$10,670","$13,860",High
Nike Air Force 1 07 Sneakers,Crisper,83889,80952,1099,1838,August,2022,Q3,Special Release,115,F,96.5,2.19,"$9,309,480","$126,385","$211,370","$337,755",High
Adidas Originals Samba OG Shoes,White Chocolate,92210,46436,35881,9893,December,2019,Q4,Standard,100,F,50.36,10.73,"$4,643,600","$3,588,100","$989,300","$4,577,400",Mid
Air Jordan 1 Mid Shoes,White Chocolate,46002,43759,2013,230,December,2018,Q4,Special Release,110,F,95.12,0.5,"$4,813,490","$221,430","$25,300","$246,730",High
Red Tape Casual Sneakers,Crisper,14929,5932,2956,6041,April,2024,Q2,Holiday,35,M,39.73,40.46,"$207,620","$103,460","$211,435","$314,895",Low
Nike Court Vision Low Shoes,Brownie,87867,71462,3807,12598,March,2020,Q1,Special Release,80,M,81.33,14.34,"$5,716,960","$304,560","$1,007,840","$1,312,400",Mid
Puma Smash V2 Sneakers,Crisper,84928,29672,34185,21071,October,2021,Q4,Anniversary,65,M,34.94,24.81,"$1,928,680","$2,222,025","$1,369,615","$3,591,640",Mid
Converse Chuck Taylor All Star,Crisper,23566,16253,1462,5851,December,2015,Q4,Special Release,60,M,68.97,24.83,"$975,180","$87,720","$351,060","$438,780",Mid
New Balance 574 Core,Peanut Butter,67377,33797,23177,10403,January,2019,Q1,Holiday,90,F,50.16,15.44,"$3,041,730","$2,085,930","$936,270","$3,022,200",Mid
Reebok Classic Leather,Crisper,54350,49492,4430,428,November,2023,Q4,Holiday,85,M,91.06,0.79,"$4,206,820","$376,550","$36,380","$412,930",Mid
Under Armour Charged Assert 9,Brownie,98916,55667,24628,18621,October,2017,Q4,Special Release,75,F,56.28,18.83,"$4,175,025","$1,847,100","$1,396,575","$3,243,675",Mid
Fila Disruptor II Premium,Classic,86380,23537,2764,60079,December,2018,Q4,Holiday,70,F,27.25,69.55,"$1,647,590","$193,480","$4,205,530","$4,399,010",Mid
ASICS Gel-Quantum 90,Peanut Butter,87993,16104,31312,40577,April,2021,Q2,Anniversary,100,F,18.3,46.11,"$1,610,400","$3,131,200","$4,057,700","$7,188,900",Mid
Skechers DLites,White Chocolate,26750,22248,3737,765,March,2022,Q1,Anniversary,75,M,83.17,2.86,"$1,668,600","$280,275","$57,375","$337,650",Mid
Vans Old Skool,Almond,50483,16813,19633,14037,October,2018,Q4,Anniversary,70,M,33.3,27.81,"$1,176,910","$1,374,310","$982,590","$2,356,900",Mid
Onitsuka Tiger Mexico 66,Peanut Butter,20114,9846,8611,1657,September,2020,Q3,Special Release,100,M,48.95,8.24,"$984,600","$861,100","$165,700","$1,026,800",Mid
Lacoste Carnaby Evo,Creamy,54140,45503,6490,2147,September,2021,Q3,Anniversary,95,M,84.05,3.97,"$4,322,785","$616,550","$203,965","$820,515",Mid
Superga 2750 Cotu Classic,White Chocolate,91885,26697,17925,47263,November,2019,Q4,Standard,65,M,29.05,51.44,"$1,735,305","$1,165,125","$3,072,095","$4,237,220",Mid
Hoka One One Clifton 8,Crisper,90031,42346,18265,29420,August,2017,Q3,Special Release,140,F,47.03,32.68,"$5,928,440","$2,557,100","$4,118,800","$6,675,900",High
Saucony Jazz Original,White Chocolate,35430,17053,3940,14437,March,2020,Q1,Holiday,80,F,48.13,40.75,"$1,364,240","$315,200","$1,154,960","$1,470,160",Mid
Columbia Trailstorm Waterproof,Peanut Butter,36174,31255,3786,1133,October,2024,Q4,Holiday,110,F,86.4,3.13,"$3,438,050","$416,460","$124,630","$541,090",High
Nike Air Force 1 07 Sneakers,White Chocolate,58655,41342,13952,3361,December,2022,Q4,Special Release,115,F,70.48,5.73,"$4,754,330","$1,604,480","$386,515","$1,990,995",High
Adidas Originals Samba OG Shoes,Classic,31012,13938,2351,14723,October,2020,Q4,Limited,100,M,44.94,47.48,"$1,393,800","$235,100","$1,472,300","$1,707,400",Mid
Air Jordan 1 Mid Shoes,Peanut Butter,69130,62975,3292,2863,April,2015,Q2,Anniversary,110,F,91.1,4.14,"$6,927,250","$362,120","$314,930","$677,050",High
Red Tape Casual Sneakers,Peanut Butter,60615,10348,25697,24570,July,2017,Q3,Standard,35,M,17.07,40.53,"$362,180","$899,395","$859,950","$1,759,345",Low
Nike Court Vision Low Shoes,White Chocolate,95191,48947,36673,9571,July,2016,Q3,Standard,80,F,51.42,10.05,"$3,915,760","$2,933,840","$765,680","$3,699,520",Mid
Puma Smash V2 Sneakers,Creamy,28191,28119,12,60,January,2020,Q1,Special Release,65,M,99.74,0.21,"$1,827,735",$780,"$3,900","$4,680",Mid
Converse Chuck Taylor All Star,Classic,43544,19133,19512,4899,February,2021,Q1,Special Release,60,M,43.94,11.25,"$1,147,980","$1,170,720","$293,940","$1,464,660",Mid
New Balance 574 Core,White Chocolate,47762,20573,17321,9868,May,2016,Q2,Standard,90,F,43.07,20.66,"$1,851,570","$1,558,890","$888,120","$2,447,010",Mid
Reebok Classic Leather,Classic,24530,21378,708,2444,January,2021,Q1,Standard,85,M,87.15,9.96,"$1,817,130","$60,180","$207,740","$267,920",Mid
Under Armour Charged Assert 9,Creamy,28818,14544,7242,7032,January,2015,Q1,Special Release,75,F,50.47,24.4,"$1,090,800","$543,150","$527,400","$1,070,550",Mid
Fila Disruptor II Premium,Peanut Butter,97080,92584,3795,701,November,2020,Q4,Holiday,70,M,95.37,0.72,"$6,480,880","$265,650","$49,070","$314,720",Mid
ASICS Gel-Quantum 90,Crisper,71621,10706,19256,41659,May,2019,Q2,Holiday,100,M,14.95,58.17,"$1,070,600","$1,925,600","$4,165,900","$6,091,500",Mid
Skechers DLites,Almond,18855,10649,4256,3950,March,2023,Q1,Standard,75,F,56.48,20.95,"$798,675","$319,200","$296,250","$615,450",Mid
Vans Old Skool,Peanut Butter,15811,10772,567,4472,October,2018,Q4,Limited,70,F,68.13,28.28,"$754,040","$39,690","$313,040","$352,730",Mid
Onitsuka Tiger Mexico 66,Creamy,72722,28891,34994,8837,September,2015,Q3,Anniversary,100,M,39.73,12.15,"$2,889,100","$3,499,400","$883,700","$4,383,100",Mid
Lacoste Carnaby Evo,Classic,36144,34025,1948,171,July,2018,Q3,Holiday,95,F,94.14,0.47,"$3,232,375","$185,060","$16,245","$201,305",Mid
Superga 2750 Cotu Classic,Almond,14799,8131,4325,2343,January,2019,Q1,Standard,65,F,54.94,15.83,"$528,515","$281,125","$152,295","$433,420",Mid
Hoka One One Clifton 8,Almond,26315,17059,2097,7159,December,2024,Q4,Anniversary,140,F,64.83,27.21,"$2,388,260","$293,580","$1,002,260","$1,295,840",High
Saucony Jazz Original,Almond,34486,21259,1889,11338,July,2020,Q3,Holiday,80,F,61.65,32.88,"$1,700,720","$151,120","$907,040","$1,058,160",Mid
Columbia Trailstorm Waterproof,White Chocolate,20828,16912,2178,1738,November,2015,Q4,Anniversary,110,M,81.2,8.34,"$1,860,320","$239,580","$191,180","$430,760",High
Nike Air Force 1 07 Sneakers,Brownie,48504,26050,19093,3361,November,2015,Q4,Holiday,115,F,53.71,6.93,"$2,995,750","$2,195,695","$386,515","$2,582,210",High
Adidas Originals Samba OG Shoes,Crisper,88986,60851,22675,5460,September,2022,Q3,Anniversary,100,M,68.38,6.14,"$6,085,100","$2,267,500","$546,000","$2,813,500",Mid
Air Jordan 1 Mid Shoes,Creamy,56210,45294,3790,7126,January,2018,Q1,Standard,110,F,80.58,12.68,"$4,982,340","$416,900","$783,860","$1,200,760",High
Red Tape Casual Sneakers,Almond,77251,25969,49242,2040,August,2016,Q3,Special Release,35,F,33.62,2.64,"$908,915","$1,723,470","$71,400","$1,794,870",Low
Nike Court Vision Low Shoes,Classic,26545,7203,11609,7733,September,2023,Q3,Holiday,80,M,27.14,29.13,"$576,240","$928,720","$618,640","$1,547,360",Mid
Puma Smash V2 Sneakers,Brownie,30111,27251,1018,1842,February,2019,Q1,Holiday,65,M,90.5,6.12,"$1,771,315","$66,170","$119,730","$185,900",Mid
Converse Chuck Taylor All Star,Brownie,28047,22349,2692,3006,June,2019,Q2,Holiday,60,M,79.68,10.72,"$1,340,940","$161,520","$180,360","$341,880",Mid
New Balance 574 Core,Classic,13396,8048,1260,4088,October,2020,Q4,Anniversary,90,M,60.08,30.52,"$724,320","$113,400","$367,920","$481,320",Mid
Reebok Classic Leather,Almond,44116,34246,6355,3515,November,2021,Q4,Holiday,85,F,77.63,7.97,"$2,910,910","$540,175","$298,775","$838,950",Mid
Under Armour Charged Assert 9,Peanut Butter,26074,9447,14201,2426,January,2020,Q1,Limited,75,F,36.23,9.3,"$708,525","$1,065,075","$181,950","$1,247,025",Mid
Fila Disruptor II Premium,Classic,99381,46889,8725,43767,November,2018,Q4,Standard,70,F,47.18,44.04,"$3,282,230","$610,750","$3,063,690","$3,674,440",Mid
ASICS Gel-Quantum 90,Almond,30644,28324,1607,713,November,2023,Q4,Holiday,100,M,92.43,2.33,"$2,832,400","$160,700","$71,300","$232,000",Mid
Skechers DLites,Peanut Butter,28202,12757,2496,12949,July,2020,Q3,Standard,75,F,45.23,45.92,"$956,775","$187,200","$971,175","$1,158,375",Mid
Vans Old Skool,Crisper,82305,22009,20192,40104,November,2024,Q4,Standard,70,F,26.74,48.73,"$1,540,630","$1,413,440","$2,807,280","$4,220,720",Mid
Onitsuka Tiger Mexico 66,Creamy,72739,58843,1295,12601,August,2019,Q3,Special Release,100,F,80.9,17.32,"$5,884,300","$129,500","$1,260,100","$1,389,600",Mid
Lacoste Carnaby Evo,Creamy,19720,12372,3532,3816,August,2022,Q3,Special Release,95,M,62.74,19.35,"$1,175,340","$335,540","$362,520","$698,060",Mid
Superga 2750 Cotu Classic,White Chocolate,26912,19176,3617,4119,September,2024,Q3,Standard,65,M,71.25,15.31,"$1,246,440","$235,105","$267,735","$502,840",Mid
Hoka One One Clifton 8,Almond,31581,10307,10702,10572,December,2022,Q4,Limited,140,F,32.64,33.48,"$1,442,980","$1,498,280","$1,480,080","$2,978,360",High
Saucony Jazz Original,White Chocolate,20336,9105,8015,3216,February,2022,Q1,Special Release,80,F,44.77,15.81,"$728,400","$641,200","$257,280","$898,480",Mid
Columbia Trailstorm Waterproof,Brownie,79924,17245,29743,32936,March,2022,Q1,Limited,110,M,21.58,41.21,"$1,896,950","$3,271,730","$3,622,960","$6,894,690",High
Nike Air Force 1 07 Sneakers,Peanut Butter,96341,86851,3959,5531,June,2024,Q2,Special Release,115,M,90.15,5.74,"$9,987,865","$455,285","$636,065","$1,091,350",High
Adidas Originals Samba OG Shoes,Classic,15958,15509,55,394,June,2021,Q2,Holiday,100,F,97.19,2.47,"$1,550,900","$5,500","$39,400","$44,900",Mid
Air Jordan 1 Mid Shoes,Brownie,93753,8969,19506,65278,December,2024,Q4,Special Release,110,F,9.57,69.63,"$986,590","$2,145,660","$7,180,580","$9,326,240",High
Red Tape Casual Sneakers,Crisper,42096,31613,5610,4873,February,2020,Q1,Standard,35,M,75.1,11.58,"$1,106,455","$196,350","$170,555","$366,905",Low
Nike Court Vision Low Shoes,Crisper,64476,36735,12523,15218,April,2017,Q2,Holiday,80,F,56.97,23.6,"$2,938,800","$1,001,840","$1,217,440","$2,219,280",Mid
Puma Smash V2 Sneakers,White Chocolate,51853,27634,11154,13065,June,2016,Q2,Holiday,65,M,53.29,25.2,"$1,796,210","$725,010","$849,225","$1,574,235",Mid
Converse Chuck Taylor All Star,Almond,41685,35570,5112,1003,December,2017,Q4,Anniversary,60,M,85.33,2.41,"$2,134,200","$306,720","$60,180","$366,900",Mid
New Balance 574 Core,Classic,48038,30175,4162,13701,October,2017,Q4,Limited,90,F,62.81,28.52,"$2,715,750","$374,580","$1,233,090","$1,607,670",Mid
Reebok Classic Leather,Peanut Butter,30885,21327,1125,8433,March,2020,Q1,Anniversary,85,F,69.05,27.3,"$1,812,795","$95,625","$716,805","$812,430",Mid
Under Armour Charged Assert 9,Classic,21802,17885,1847,2070,February,2020,Q1,Limited,75,F,82.03,9.49,"$1,341,375","$138,525","$155,250","$293,775",Mid
Fila Disruptor II Premium,Classic,16624,9609,2961,4054,September,2021,Q3,Anniversary,70,M,57.8,24.39,"$672,630","$207,270","$283,780","$491,050",Mid
ASICS Gel-Quantum 90,White Chocolate,24089,19120,3872,1097,November,2024,Q4,Holiday,100,F,79.37,4.55,"$1,912,000","$387,200","$109,700","$496,900",Mid
Skechers DLites,Almond,15930,11563,3948,419,May,2021,Q2,Special Release,75,F,72.59,2.63,"$867,225","$296,100","$31,425","$327,525",Mid
Vans Old Skool,Classic,60639,38046,7836,14757,July,2023,Q3,Special Release,70,M,62.74,24.34,"$2,663,220","$548,520","$1,032,990","$1,581,510",Mid
Onitsuka Tiger Mexico 66,Peanut Butter,22672,17907,1708,3057,November,2023,Q4,Holiday,100,F,78.98,13.48,"$1,790,700","$170,800","$305,700","$476,500",Mid
Lacoste Carnaby Evo,White Chocolate,28909,11522,705,16682,July,2019,Q3,Special Release,95,M,39.86,57.71,"$1,094,590","$66,975","$1,584,790","$1,651,765",Mid
Superga 2750 Cotu Classic,Peanut Butter,53652,36047,588,17017,February,2020,Q1,Limited,65,M,67.19,31.72,"$2,343,055","$38,220","$1,106,105","$1,144,325",Mid
Hoka One One Clifton 8,Almond,90356,46750,32957,10649,May,2019,Q2,Special Release,140,F,51.74,11.79,"$6,545,000","$4,613,980","$1,490,860","$6,104,840",High
Saucony Jazz Original,Brownie,54089,38247,2272,13570,September,2020,Q3,Special Release,80,F,70.71,25.09,"$3,059,760","$181,760","$1,085,600","$1,267,360",Mid
Columbia Trailstorm Waterproof,Crisper,12180,8017,1450,2713,July,2022,Q3,Standard,110,F,65.82,22.27,"$881,870","$159,500","$298,430","$457,930",High
Nike Air Force 1 07 Sneakers,White Chocolate,92478,8492,5748,78238,April,2020,Q2,Holiday,115,M,9.18,84.6,"$976,580","$661,020","$8,997,370","$9,658,390",High
Adidas Originals Samba OG Shoes,Creamy,16731,14560,204,1967,November,2016,Q4,Special Release,100,F,87.02,11.76,"$1,456,000","$20,400","$196,700","$217,100",Mid
Air Jordan 1 Mid Shoes,Peanut Butter,99224,36745,60410,2069,June,2021,Q2,Standard,110,F,37.03,2.09,"$4,041,950","$6,645,100","$227,590","$6,872,690",High
Red Tape Casual Sneakers,Almond,64890,14924,22903,27063,September,2022,Q3,Limited,35,F,23,41.71,"$522,340","$801,605","$947,205","$1,748,810",Low
Nike Court Vision Low Shoes,White Chocolate,18163,16563,1318,282,October,2020,Q4,Limited,80,F,91.19,1.55,"$1,325,040","$105,440","$22,560","$128,000",Mid
Puma Smash V2 Sneakers,Brownie,59391,25562,22480,11349,February,2020,Q1,Special Release,65,F,43.04,19.11,"$1,661,530","$1,461,200","$737,685","$2,198,885",Mid
Converse Chuck Taylor All Star,Creamy,99226,89319,5576,4331,November,2021,Q4,Anniversary,60,M,90.02,4.36,"$5,359,140","$334,560","$259,860","$594,420",Mid
New Balance 574 Core,Almond,83149,44124,24289,14736,May,2018,Q2,Holiday,90,F,53.07,17.72,"$3,971,160","$2,186,010","$1,326,240","$3,512,250",Mid
Reebok Classic Leather,Almond,72888,50718,3804,18366,December,2023,Q4,Holiday,85,F,69.58,25.2,"$4,311,030","$323,340","$1,561,110","$1,884,450",Mid
Under Armour Charged Assert 9,Crisper,55237,14599,21603,19035,June,2015,Q2,Holiday,75,M,26.43,34.46,"$1,094,925","$1,620,225","$1,427,625","$3,047,850",Mid
Fila Disruptor II Premium,Almond,67983,47989,11591,8403,May,2023,Q2,Anniversary,70,F,70.59,12.36,"$3,359,230","$811,370","$588,210","$1,399,580",Mid
ASICS Gel-Quantum 90,Brownie,45601,13996,28026,3579,November,2021,Q4,Special Release,100,M,30.69,7.85,"$1,399,600","$2,802,600","$357,900","$3,160,500",Mid
Skechers DLites,Creamy,79604,34579,3217,41808,August,2017,Q3,Standard,75,F,43.44,52.52,"$2,593,425","$241,275","$3,135,600","$3,376,875",Mid
Vans Old Skool,Creamy,71918,18178,9098,44642,August,2023,Q3,Limited,70,M,25.28,62.07,"$1,272,460","$636,860","$3,124,940","$3,761,800",Mid
Onitsuka Tiger Mexico 66,Crisper,95575,67350,12580,15645,April,2022,Q2,Limited,100,F,70.47,16.37,"$6,735,000","$1,258,000","$1,564,500","$2,822,500",Mid
Lacoste Carnaby Evo,Almond,47409,47329,73,7,August,2023,Q3,Standard,95,M,99.83,0.01,"$4,496,255","$6,935",$665,"$7,600",Mid
Superga 2750 Cotu Classic,Brownie,14888,7868,3597,3423,November,2024,Q4,Limited,65,M,52.85,22.99,"$511,420","$233,805","$222,495","$456,300",Mid
Hoka One One Clifton 8,White Chocolate,62034,56639,1337,4058,February,2017,Q1,Holiday,140,M,91.3,6.54,"$7,929,460","$187,180","$568,120","$755,300",High
Saucony Jazz Original,Almond,84443,84007,382,54,October,2018,Q4,Holiday,80,F,99.48,0.06,"$6,720,560","$30,560","$4,320","$34,880",Mid
Columbia Trailstorm Waterproof,Peanut Butter,76088,66344,5274,4470,February,2017,Q1,Standard,110,F,87.19,5.87,"$7,297,840","$580,140","$491,700","$1,071,840",High
Nike Air Force 1 07 Sneakers,Creamy,43720,17202,26057,461,April,2023,Q2,Holiday,115,M,39.35,1.05,"$1,978,230","$2,996,555","$53,015","$3,049,570",High
Adidas Originals Samba OG Shoes,Peanut Butter,90079,88719,530,830,April,2024,Q2,Anniversary,100,M,98.49,0.92,"$8,871,900","$53,000","$83,000","$136,000",Mid
Air Jordan 1 Mid Shoes,Crisper,97720,17502,55999,24219,July,2016,Q3,Anniversary,110,M,17.91,24.78,"$1,925,220","$6,159,890","$2,664,090","$8,823,980",High
Red Tape Casual Sneakers,Classic,44181,30137,10186,3858,January,2020,Q1,Holiday,35,F,68.21,8.73,"$1,054,795","$356,510","$135,030","$491,540",Low
Nike Court Vision Low Shoes,Brownie,85088,6498,44308,34282,May,2022,Q2,Holiday,80,M,7.64,40.29,"$519,840","$3,544,640","$2,742,560","$6,287,200",Mid
Puma Smash V2 Sneakers,Creamy,25495,20250,2732,2513,October,2016,Q4,Anniversary,65,F,79.43,9.86,"$1,316,250","$177,580","$163,345","$340,925",Mid
Converse Chuck Taylor All Star,Creamy,25389,14667,4701,6021,November,2021,Q4,Limited,60,M,57.77,23.71,"$880,020","$282,060","$361,260","$643,320",Mid
New Balance 574 Core,Crisper,30078,19908,246,9924,March,2019,Q1,Anniversary,90,F,66.19,32.99,"$1,791,720","$22,140","$893,160","$915,300",Mid
Reebok Classic Leather,White Chocolate,80453,33627,30609,16217,August,2022,Q3,Special Release,85,M,41.8,20.16,"$2,858,295","$2,601,765","$1,378,445","$3,980,210",Mid
Under Armour Charged Assert 9,Brownie,68556,39614,5881,23061,January,2019,Q1,Standard,75,M,57.78,33.64,"$2,971,050","$441,075","$1,729,575","$2,170,650",Mid
Fila Disruptor II Premium,Classic,81781,71255,7214,3312,June,2021,Q2,Special Release,70,F,87.13,4.05,"$4,987,850","$504,980","$231,840","$736,820",Mid
ASICS Gel-Quantum 90,White Chocolate,78202,62912,13386,1904,August,2022,Q3,Limited,100,F,80.45,2.43,"$6,291,200","$1,338,600","$190,400","$1,529,000",Mid
Skechers DLites,Classic,76895,63390,256,13249,August,2015,Q3,Anniversary,75,F,82.44,17.23,"$4,754,250","$19,200","$993,675","$1,012,875",Mid
Vans Old Skool,Crisper,83912,12567,10741,60604,July,2022,Q3,Holiday,70,F,14.98,72.22,"$879,690","$751,870","$4,242,280","$4,994,150",Mid
Onitsuka Tiger Mexico 66,Almond,10395,6785,1242,2368,October,2015,Q4,Standard,100,M,65.27,22.78,"$678,500","$124,200","$236,800","$361,000",Mid
Lacoste Carnaby Evo,Brownie,17897,6130,4033,7734,May,2015,Q2,Holiday,95,M,34.25,43.21,"$582,350","$383,135","$734,730","$1,117,865",Mid
Superga 2750 Cotu Classic,White Chocolate,94085,89656,986,3443,March,2019,Q1,Anniversary,65,F,95.29,3.66,"$5,827,640","$64,090","$223,795","$287,885",Mid
Hoka One One Clifton 8,Crisper,20518,16185,3244,1089,April,2022,Q2,Holiday,140,F,78.88,5.31,"$2,265,900","$454,160","$152,460","$606,620",High
Saucony Jazz Original,Brownie,26691,12297,717,13677,January,2015,Q1,Standard,80,F,46.07,51.24,"$983,760","$57,360","$1,094,160","$1,151,520",Mid
Columbia Trailstorm Waterproof,Creamy,81361,60591,3340,17430,April,2019,Q2,Limited,110,F,74.47,21.42,"$6,665,010","$367,400","$1,917,300","$2,284,700",High
Nike Air Force 1 07 Sneakers,Peanut Butter,46129,17352,99,28678,February,2023,Q1,Standard,115,F,37.62,62.17,"$1,995,480","$11,385","$3,297,970","$3,309,355",High
Adidas Originals Samba OG Shoes,Brownie,12050,6971,3391,1688,October,2015,Q4,Standard,100,F,57.85,14.01,"$697,100","$339,100","$168,800","$507,900",Mid
Air Jordan 1 Mid Shoes,Brownie,98083,97181,9,893,July,2015,Q3,Limited,110,F,99.08,0.91,"$10,689,910",$990,"$98,230","$99,220",High
Red Tape Casual Sneakers,Crisper,40715,40373,231,111,June,2023,Q2,Standard,35,F,99.16,0.27,"$1,413,055","$8,085","$3,885","$11,970",Low
Nike Court Vision Low Shoes,Peanut Butter,85511,46799,867,37845,September,2021,Q3,Holiday,80,M,54.73,44.26,"$3,743,920","$69,360","$3,027,600","$3,096,960",Mid
Puma Smash V2 Sneakers,Creamy,78321,33972,17246,27103,May,2018,Q2,Holiday,65,M,43.38,34.61,"$2,208,180","$1,120,990","$1,761,695","$2,882,685",Mid
Converse Chuck Taylor All Star,Creamy,98965,60994,1543,36428,July,2020,Q3,Standard,60,F,61.63,36.81,"$3,659,640","$92,580","$2,185,680","$2,278,260",Mid
New Balance 574 Core,White Chocolate,78742,46777,9149,22816,September,2019,Q3,Anniversary,90,F,59.41,28.98,"$4,209,930","$823,410","$2,053,440","$2,876,850",Mid
Reebok Classic Leather,Peanut Butter,80507,67065,9494,3948,July,2024,Q3,Limited,85,M,83.3,4.9,"$5,700,525","$806,990","$335,580","$1,142,570",Mid
Under Armour Charged Assert 9,White Chocolate,70689,12552,21281,36856,August,2019,Q3,Anniversary,75,M,17.76,52.14,"$941,400","$1,596,075","$2,764,200","$4,360,275",Mid
Fila Disruptor II Premium,Crisper,41831,21711,13458,6662,September,2018,Q3,Standard,70,F,51.9,15.93,"$1,519,770","$942,060","$466,340","$1,408,400",Mid
ASICS Gel-Quantum 90,Classic,80206,29966,46863,3377,January,2018,Q1,Anniversary,100,M,37.36,4.21,"$2,996,600","$4,686,300","$337,700","$5,024,000",Mid
Skechers DLites,White Chocolate,19539,8082,1831,9626,February,2023,Q1,Special Release,75,M,41.36,49.27,"$606,150","$137,325","$721,950","$859,275",Mid
Vans Old Skool,White Chocolate,53642,24869,28271,502,May,2017,Q2,Limited,70,M,46.36,0.94,"$1,740,830","$1,978,970","$35,140","$2,014,110",Mid
Onitsuka Tiger Mexico 66,Creamy,72773,36797,22574,13402,June,2019,Q2,Limited,100,F,50.56,18.42,"$3,679,700","$2,257,400","$1,340,200","$3,597,600",Mid
Lacoste Carnaby Evo,Crisper,71112,52088,8918,10106,December,2017,Q4,Holiday,95,F,73.25,14.21,"$4,948,360","$847,210","$960,070","$1,807,280",Mid
Superga 2750 Cotu Classic,Crisper,22924,20384,1229,1311,April,2017,Q2,Holiday,65,M,88.92,5.72,"$1,324,960","$79,885","$85,215","$165,100",Mid
Hoka One One Clifton 8,Brownie,39002,14563,23908,531,December,2017,Q4,Special Release,140,F,37.34,1.36,"$2,038,820","$3,347,120","$74,340","$3,421,460",High
Saucony Jazz Original,Almond,29976,11428,7739,10809,July,2017,Q3,Anniversary,80,M,38.12,36.06,"$914,240","$619,120","$864,720","$1,483,840",Mid
Columbia Trailstorm Waterproof,Crisper,82173,49245,16064,16864,July,2023,Q3,Anniversary,110,F,59.93,20.52,"$5,416,950","$1,767,040","$1,855,040","$3,622,080",High
Nike Air Force 1 07 Sneakers,Crisper,32050,29011,1597,1442,November,2016,Q4,Limited,115,F,90.52,4.5,"$3,336,265","$183,655","$165,830","$349,485",High
Adidas Originals Samba OG Shoes,Peanut Butter,81058,12698,63927,4433,May,2024,Q2,Standard,100,M,15.67,5.47,"$1,269,800","$6,392,700","$443,300","$6,836,000",Mid
Air Jordan 1 Mid Shoes,White Chocolate,10836,8378,1895,563,June,2024,Q2,Limited,110,M,77.32,5.2,"$921,580","$208,450","$61,930","$270,380",High
Red Tape Casual Sneakers,Classic,38668,38143,59,466,March,2019,Q1,Standard,35,F,98.64,1.21,"$1,335,005","$2,065","$16,310","$18,375",Low
Nike Court Vision Low Shoes,Creamy,73944,7061,66017,866,December,2020,Q4,Special Release,80,M,9.55,1.17,"$564,880","$5,281,360","$69,280","$5,350,640",Mid
Puma Smash V2 Sneakers,Brownie,46010,40110,3552,2348,March,2015,Q1,Special Release,65,F,87.18,5.1,"$2,607,150","$230,880","$152,620","$383,500",Mid
Converse Chuck Taylor All Star,White Chocolate,33496,8506,21834,3156,November,2020,Q4,Limited,60,F,25.39,9.42,"$510,360","$1,310,040","$189,360","$1,499,400",Mid
New Balance 574 Core,White Chocolate,56457,22519,7927,26011,November,2015,Q4,Holiday,90,F,39.89,46.07,"$2,026,710","$713,430","$2,340,990","$3,054,420",Mid
Reebok Classic Leather,Brownie,41877,19801,12247,9829,September,2022,Q3,Standard,85,M,47.28,23.47,"$1,683,085","$1,040,995","$835,465","$1,876,460",Mid
Under Armour Charged Assert 9,Classic,63120,29855,8547,24718,March,2021,Q1,Anniversary,75,M,47.3,39.16,"$2,239,125","$641,025","$1,853,850","$2,494,875",Mid
Fila Disruptor II Premium,Creamy,32463,7709,8375,16379,June,2024,Q2,Anniversary,70,F,23.75,50.45,"$539,630","$586,250","$1,146,530","$1,732,780",Mid
ASICS Gel-Quantum 90,Brownie,22499,22306,183,10,July,2017,Q3,Limited,100,F,99.14,0.04,"$2,230,600","$18,300","$1,000","$19,300",Mid
Skechers DLites,Almond,16102,6218,5291,4593,February,2021,Q1,Special Release,75,M,38.62,28.52,"$466,350","$396,825","$344,475","$741,300",Mid
Vans Old Skool,White Chocolate,51220,6026,31618,13576,August,2021,Q3,Limited,70,F,11.76,26.51,"$421,820","$2,213,260","$950,320","$3,163,580",Mid
Onitsuka Tiger Mexico 66,Classic,49226,15646,17821,15759,May,2021,Q2,Anniversary,100,F,31.78,32.01,"$1,564,600","$1,782,100","$1,575,900","$3,358,000",Mid
Lacoste Carnaby Evo,Crisper,28343,27587,15,741,November,2015,Q4,Special Release,95,F,97.33,2.61,"$2,620,765","$1,425","$70,395","$71,820",Mid
Superga 2750 Cotu Classic,Classic,22803,19322,2531,950,May,2024,Q2,Standard,65,F,84.73,4.17,"$1,255,930","$164,515","$61,750","$226,265",Mid
Hoka One One Clifton 8,White Chocolate,52778,6941,4280,41557,January,2018,Q1,Anniversary,140,F,13.15,78.74,"$971,740","$599,200","$5,817,980","$6,417,180",High
Saucony Jazz Original,Brownie,59207,33301,19820,6086,August,2022,Q3,Special Release,80,M,56.25,10.28,"$2,664,080","$1,585,600","$486,880","$2,072,480",Mid
Columbia Trailstorm Waterproof,White Chocolate,91083,43715,31217,16151,December,2022,Q4,Standard,110,M,47.99,17.73,"$4,808,650","$3,433,870","$1,776,610","$5,210,480",High
Nike Air Force 1 07 Sneakers,Crisper,93086,25221,16797,51068,July,2018,Q3,Holiday,115,M,27.09,54.86,"$2,900,415","$1,931,655","$5,872,820","$7,804,475",High
Adidas Originals Samba OG Shoes,Almond,68292,28587,22026,17679,February,2016,Q1,Limited,100,F,41.86,25.89,"$2,858,700","$2,202,600","$1,767,900","$3,970,500",Mid
Air Jordan 1 Mid Shoes,Crisper,83005,77710,1098,4197,July,2019,Q3,Standard,110,F,93.62,5.06,"$8,548,100","$120,780","$461,670","$582,450",High
Red Tape Casual Sneakers,Brownie,22198,15630,3413,3155,February,2015,Q1,Holiday,35,M,70.41,14.21,"$547,050","$119,455","$110,425","$229,880",Low
Nike Court Vision Low Shoes,Creamy,83339,36816,9040,37483,November,2020,Q4,Limited,80,M,44.18,44.98,"$2,945,280","$723,200","$2,998,640","$3,721,840",Mid
Puma Smash V2 Sneakers,Peanut Butter,45247,24734,11718,8795,July,2020,Q3,Limited,65,F,54.66,19.44,"$1,607,710","$761,670","$571,675","$1,333,345",Mid
Converse Chuck Taylor All Star,Almond,65194,24644,8816,31734,October,2023,Q4,Standard,60,M,37.8,48.68,"$1,478,640","$528,960","$1,904,040","$2,433,000",Mid
New Balance 574 Core,Creamy,91924,69985,2482,19457,November,2021,Q4,Limited,90,M,76.13,21.17,"$6,298,650","$223,380","$1,751,130","$1,974,510",Mid
Reebok Classic Leather,Almond,10887,8241,1286,1360,June,2024,Q2,Special Release,85,F,75.7,12.49,"$700,485","$109,310","$115,600","$224,910",Mid
Under Armour Charged Assert 9,Crisper,53874,33220,1177,19477,July,2016,Q3,Holiday,75,M,61.66,36.15,"$2,491,500","$88,275","$1,460,775","$1,549,050",Mid
Fila Disruptor II Premium,Crisper,51180,16641,8440,26099,July,2018,Q3,Holiday,70,F,32.51,50.99,"$1,164,870","$590,800","$1,826,930","$2,417,730",Mid
ASICS Gel-Quantum 90,Brownie,41775,26357,9257,6161,February,2018,Q1,Anniversary,100,M,63.09,14.75,"$2,635,700","$925,700","$616,100","$1,541,800",Mid
Skechers DLites,Brownie,81516,28583,8257,44676,August,2023,Q3,Special Release,75,F,35.06,54.81,"$2,143,725","$619,275","$3,350,700","$3,969,975",Mid
Vans Old Skool,Creamy,37479,19367,8566,9546,April,2024,Q2,Standard,70,F,51.67,25.47,"$1,355,690","$599,620","$668,220","$1,267,840",Mid
Onitsuka Tiger Mexico 66,Creamy,75444,23242,10696,41506,May,2018,Q2,Limited,100,M,30.81,55.02,"$2,324,200","$1,069,600","$4,150,600","$5,220,200",Mid
Lacoste Carnaby Evo,Creamy,65460,56712,2572,6176,October,2015,Q4,Anniversary,95,F,86.64,9.43,"$5,387,640","$244,340","$586,720","$831,060",Mid
Superga 2750 Cotu Classic,Brownie,62534,40020,5914,16600,October,2024,Q4,Anniversary,65,F,64,26.55,"$2,601,300","$384,410","$1,079,000","$1,463,410",Mid
Hoka One One Clifton 8,Creamy,80373,16138,57068,7167,August,2023,Q3,Limited,140,F,20.08,8.92,"$2,259,320","$7,989,520","$1,003,380","$8,992,900",High
Saucony Jazz Original,Peanut Butter,94803,85304,8774,725,April,2021,Q2,Anniversary,80,F,89.98,0.76,"$6,824,320","$701,920","$58,000","$759,920",Mid
Columbia Trailstorm Waterproof,White Chocolate,66420,11943,53786,691,February,2016,Q1,Holiday,110,M,17.98,1.04,"$1,313,730","$5,916,460","$76,010","$5,992,470",High
Nike Air Force 1 07 Sneakers,Crisper,59036,30633,13230,15173,August,2023,Q3,Special Release,115,M,51.89,25.7,"$3,522,795","$1,521,450","$1,744,895","$3,266,345",High
Adidas Originals Samba OG Shoes,Almond,13219,12909,257,53,April,2018,Q2,Anniversary,100,M,97.65,0.4,"$1,290,900","$25,700","$5,300","$31,000",Mid
Air Jordan 1 Mid Shoes,Classic,28569,16414,7045,5110,November,2018,Q4,Anniversary,110,F,57.45,17.89,"$1,805,540","$774,950","$562,100","$1,337,050",High
Red Tape Casual Sneakers,Almond,72411,17795,25901,28715,February,2023,Q1,Anniversary,35,F,24.57,39.66,"$622,825","$906,535","$1,005,025","$1,911,560",Low
Nike Court Vision Low Shoes,Classic,25084,5740,8103,11241,April,2022,Q2,Standard,80,M,22.88,44.81,"$459,200","$648,240","$899,280","$1,547,520",Mid
Puma Smash V2 Sneakers,Creamy,41970,38816,2440,714,March,2021,Q1,Limited,65,F,92.49,1.7,"$2,523,040","$158,600","$46,410","$205,010",Mid
Converse Chuck Taylor All Star,Crisper,40389,31545,5822,3022,February,2017,Q1,Anniversary,60,M,78.1,7.48,"$1,892,700","$349,320","$181,320","$530,640",Mid
New Balance 574 Core,Crisper,87621,61302,13578,12741,January,2015,Q1,Limited,90,M,69.96,14.54,"$5,517,180","$1,222,020","$1,146,690","$2,368,710",Mid
Reebok Classic Leather,Brownie,23336,22592,553,191,February,2019,Q1,Holiday,85,M,96.81,0.82,"$1,920,320","$47,005","$16,235","$63,240",Mid
Under Armour Charged Assert 9,Almond,97910,69157,11461,17292,March,2022,Q1,Holiday,75,F,70.63,17.66,"$5,186,775","$859,575","$1,296,900","$2,156,475",Mid
Fila Disruptor II Premium,Brownie,24972,16400,2806,5766,June,2024,Q2,Anniversary,70,F,65.67,23.09,"$1,148,000","$196,420","$403,620","$600,040",Mid
ASICS Gel-Quantum 90,Brownie,87354,16108,53690,17556,July,2018,Q3,Standard,100,M,18.44,20.1,"$1,610,800","$5,369,000","$1,755,600","$7,124,600",Mid
Skechers DLites,Peanut Butter,58929,50445,6168,2316,September,2020,Q3,Anniversary,75,M,85.6,3.93,"$3,783,375","$462,600","$173,700","$636,300",Mid
Vans Old Skool,Brownie,60293,32724,21483,6086,June,2020,Q2,Special Release,70,M,54.27,10.09,"$2,290,680","$1,503,810","$426,020","$1,929,830",Mid
Onitsuka Tiger Mexico 66,Brownie,31871,21044,6095,4732,July,2016,Q3,Limited,100,F,66.03,14.85,"$2,104,400","$609,500","$473,200","$1,082,700",Mid
Lacoste Carnaby Evo,Brownie,17026,10882,6066,78,June,2020,Q2,Limited,95,F,63.91,0.46,"$1,033,790","$576,270","$7,410","$583,680",Mid
Superga 2750 Cotu Classic,Brownie,76248,69876,3021,3351,September,2022,Q3,Anniversary,65,F,91.64,4.39,"$4,541,940","$196,365","$217,815","$414,180",Mid
Hoka One One Clifton 8,Crisper,31922,7708,5688,18526,May,2015,Q2,Limited,140,F,24.15,58.04,"$1,079,120","$796,320","$2,593,640","$3,389,960",High
Saucony Jazz Original,Peanut Butter,80465,42836,26606,11023,October,2023,Q4,Anniversary,80,F,53.24,13.7,"$3,426,880","$2,128,480","$881,840","$3,010,320",Mid
Columbia Trailstorm Waterproof,Brownie,76952,19838,19581,37533,April,2016,Q2,Holiday,110,F,25.78,48.77,"$2,182,180","$2,153,910","$4,128,630","$6,282,540",High
Nike Air Force 1 07 Sneakers,Brownie,15453,12231,985,2237,June,2017,Q2,Anniversary,115,M,79.15,14.48,"$1,406,565","$113,275","$257,255","$370,530",High
Adidas Originals Samba OG Shoes,Almond,14224,12368,1318,538,November,2018,Q4,Standard,100,M,86.95,3.78,"$1,236,800","$131,800","$53,800","$185,600",Mid
Air Jordan 1 Mid Shoes,White Chocolate,41056,18754,3037,19265,September,2022,Q3,Holiday,110,F,45.68,46.92,"$2,062,940","$334,070","$2,119,150","$2,453,220",High
Red Tape Casual Sneakers,Peanut Butter,90760,23249,40429,27082,February,2024,Q1,Limited,35,F,25.62,29.84,"$813,715","$1,415,015","$947,870","$2,362,885",Low
Nike Court Vision Low Shoes,Brownie,46842,44115,521,2206,November,2016,Q4,Holiday,80,F,94.18,4.71,"$3,529,200","$41,680","$176,480","$218,160",Mid
Puma Smash V2 Sneakers,Almond,85069,40041,11316,33712,August,2022,Q3,Standard,65,F,47.07,39.63,"$2,602,665","$735,540","$2,191,280","$2,926,820",Mid
Converse Chuck Taylor All Star,Classic,46349,13315,24338,8696,October,2017,Q4,Limited,60,M,28.73,18.76,"$798,900","$1,460,280","$521,760","$1,982,040",Mid
New Balance 574 Core,White Chocolate,98635,56472,10086,32077,August,2016,Q3,Special Release,90,F,57.25,32.52,"$5,082,480","$907,740","$2,886,930","$3,794,670",Mid
Reebok Classic Leather,Crisper,69243,9949,17769,41525,November,2023,Q4,Standard,85,F,14.37,59.97,"$845,665","$1,510,365","$3,529,625","$5,039,990",Mid
Under Armour Charged Assert 9,Creamy,58374,34798,7584,15992,September,2018,Q3,Special Release,75,M,59.61,27.4,"$2,609,850","$568,800","$1,199,400","$1,768,200",Mid
Fila Disruptor II Premium,Creamy,70089,46604,1723,21762,October,2022,Q4,Holiday,70,F,66.49,31.05,"$3,262,280","$120,610","$1,523,340","$1,643,950",Mid
ASICS Gel-Quantum 90,Peanut Butter,66314,59057,5522,1735,July,2020,Q3,Holiday,100,F,89.06,2.62,"$5,905,700","$552,200","$173,500","$725,700",Mid
Skechers DLites,Almond,81737,80750,854,133,May,2021,Q2,Anniversary,75,M,98.79,0.16,"$6,056,250","$64,050","$9,975","$74,025",Mid
Vans Old Skool,Classic,23051,20059,2926,66,May,2016,Q2,Limited,70,M,87.02,0.29,"$1,404,130","$204,820","$4,620","$209,440",Mid
Onitsuka Tiger Mexico 66,Crisper,36518,27563,6794,2161,November,2024,Q4,Holiday,100,F,75.48,5.92,"$2,756,300","$679,400","$216,100","$895,500",Mid
Lacoste Carnaby Evo,Classic,95798,52242,27147,16409,December,2015,Q4,Holiday,95,M,54.53,17.13,"$4,962,990","$2,578,965","$1,558,855","$4,137,820",Mid
Superga 2750 Cotu Classic,Classic,61949,45999,10945,5005,February,2023,Q1,Limited,65,M,74.25,8.08,"$2,989,935","$711,425","$325,325","$1,036,750",Mid
Hoka One One Clifton 8,Creamy,22475,5035,10447,6993,May,2020,Q2,Standard,140,M,22.4,31.11,"$704,900","$1,462,580","$979,020","$2,441,600",High
Saucony Jazz Original,Brownie,99126,63335,35183,608,February,2015,Q1,Holiday,80,F,63.89,0.61,"$5,066,800","$2,814,640","$48,640","$2,863,280",Mid
Columbia Trailstorm Waterproof,Creamy,27324,20653,6091,580,July,2017,Q3,Anniversary,110,M,75.59,2.12,"$2,271,830","$670,010","$63,800","$733,810",High
Nike Air Force 1 07 Sneakers,Classic,51071,29088,12178,9805,July,2016,Q3,Anniversary,115,M,56.96,19.2,"$3,345,120","$1,400,470","$1,127,575","$2,528,045",High
Adidas Originals Samba OG Shoes,Creamy,98753,23724,66063,8966,December,2020,Q4,Special Release,100,M,24.02,9.08,"$2,372,400","$6,606,300","$896,600","$7,502,900",Mid
Air Jordan 1 Mid Shoes,Crisper,56030,52345,2813,872,January,2022,Q1,Limited,110,F,93.42,1.56,"$5,757,950","$309,430","$95,920","$405,350",High
Red Tape Casual Sneakers,White Chocolate,38474,10681,24501,3292,July,2016,Q3,Standard,35,F,27.76,8.56,"$373,835","$857,535","$115,220","$972,755",Low
Nike Court Vision Low Shoes,Almond,66280,25611,31506,9163,October,2017,Q4,Holiday,80,M,38.64,13.82,"$2,048,880","$2,520,480","$733,040","$3,253,520",Mid
Puma Smash V2 Sneakers,Brownie,88774,83644,153,4977,March,2018,Q1,Standard,65,F,94.22,5.61,"$5,436,860","$9,945","$323,505","$333,450",Mid
Converse Chuck Taylor All Star,Peanut Butter,77862,71784,4533,1545,May,2023,Q2,Anniversary,60,M,92.19,1.98,"$4,307,040","$271,980","$92,700","$364,680",Mid
New Balance 574 Core,White Chocolate,41370,37432,2358,1580,April,2016,Q2,Limited,90,M,90.48,3.82,"$3,368,880","$212,220","$142,200","$354,420",Mid
Reebok Classic Leather,Brownie,11581,7958,2327,1296,June,2016,Q2,Anniversary,85,F,68.72,11.19,"$676,430","$197,795","$110,160","$307,955",Mid
Under Armour Charged Assert 9,Almond,81612,27645,3981,49986,April,2020,Q2,Standard,75,M,33.87,61.25,"$2,073,375","$298,575","$3,748,950","$4,047,525",Mid
Fila Disruptor II Premium,Classic,44365,19138,23922,1305,September,2015,Q3,Anniversary,70,F,43.14,2.94,"$1,339,660","$1,674,540","$91,350","$1,765,890",Mid
ASICS Gel-Quantum 90,Crisper,62727,10401,10348,41978,January,2021,Q1,Special Release,100,F,16.58,66.92,"$1,040,100","$1,034,800","$4,197,800","$5,232,600",Mid
Skechers DLites,Classic,50620,10178,6934,33508,April,2017,Q2,Limited,75,F,20.11,66.2,"$763,350","$520,050","$2,513,100","$3,033,150",Mid
Vans Old Skool,Brownie,93138,90175,174,2789,March,2022,Q1,Standard,70,F,96.82,2.99,"$6,312,250","$12,180","$195,230","$207,410",Mid
Onitsuka Tiger Mexico 66,Creamy,41278,8794,24473,8011,December,2015,Q4,Anniversary,100,M,21.3,19.41,"$879,400","$2,447,300","$801,100","$3,248,400",Mid
Lacoste Carnaby Evo,Almond,97304,91252,4614,1438,May,2016,Q2,Standard,95,M,93.78,1.48,"$8,668,940","$438,330","$136,610","$574,940",Mid
Superga 2750 Cotu Classic,Peanut Butter,75065,50443,7485,17137,October,2020,Q4,Holiday,65,M,67.2,22.83,"$3,278,795","$486,525","$1,113,905","$1,600,430",Mid
Hoka One One Clifton 8,Creamy,45227,12736,7213,25278,May,2015,Q2,Holiday,140,F,28.16,55.89,"$1,783,040","$1,009,820","$3,538,920","$4,548,740",High
Saucony Jazz Original,Brownie,18371,9308,7801,1262,July,2020,Q3,Anniversary,80,M,50.67,6.87,"$744,640","$624,080","$100,960","$725,040",Mid
Columbia Trailstorm Waterproof,Crisper,84302,26873,33333,24096,October,2016,Q4,Holiday,110,M,31.88,28.58,"$2,956,030","$3,666,630","$2,650,560","$6,317,190",High
Nike Air Force 1 07 Sneakers,Peanut Butter,76692,5336,65584,5772,August,2024,Q3,Standard,115,F,6.96,7.53,"$613,640","$7,542,160","$663,780","$8,205,940",High
Adidas Originals Samba OG Shoes,Almond,60197,14835,33634,11728,August,2024,Q3,Standard,100,F,24.64,19.48,"$1,483,500","$3,363,400","$1,172,800","$4,536,200",Mid
Air Jordan 1 Mid Shoes,Peanut Butter,52179,21270,17270,13639,January,2023,Q1,Holiday,110,M,40.76,26.14,"$2,339,700","$1,899,700","$1,500,290","$3,399,990",High
Red Tape Casual Sneakers,Brownie,58864,12825,13138,32901,July,2022,Q3,Standard,35,M,21.79,55.89,"$448,875","$459,830","$1,151,535","$1,611,365",Low
Nike Court Vision Low Shoes,Crisper,19034,12620,4102,2312,September,2023,Q3,Holiday,80,F,66.3,12.15,"$1,009,600","$328,160","$184,960","$513,120",Mid
Puma Smash V2 Sneakers,Classic,58354,18151,21094,19109,April,2021,Q2,Holiday,65,M,31.1,32.75,"$1,179,815","$1,371,110","$1,242,085","$2,613,195",Mid
Converse Chuck Taylor All Star,Crisper,58270,43777,6410,8083,August,2023,Q3,Limited,60,M,75.13,13.87,"$2,626,620","$384,600","$484,980","$869,580",Mid
New Balance 574 Core,Peanut Butter,10835,8359,2379,97,August,2017,Q3,Special Release,90,M,77.15,0.9,"$752,310","$214,110","$8,730","$222,840",Mid
Reebok Classic Leather,Almond,10191,8082,850,1259,March,2016,Q1,Limited,85,M,79.31,12.35,"$686,970","$72,250","$107,015","$179,265",Mid
Under Armour Charged Assert 9,Crisper,74491,12850,52311,9330,December,2022,Q4,Holiday,75,M,17.25,12.53,"$963,750","$3,923,325","$699,750","$4,623,075",Mid
Fila Disruptor II Premium,White Chocolate,78125,59140,6780,12205,February,2020,Q1,Standard,70,M,75.7,15.62,"$4,139,800","$474,600","$854,350","$1,328,950",Mid
ASICS Gel-Quantum 90,Creamy,61688,9904,12994,38790,May,2021,Q2,Standard,100,M,16.05,62.88,"$990,400","$1,299,400","$3,879,000","$5,178,400",Mid
Skechers DLites,Peanut Butter,48230,22104,15804,10322,December,2023,Q4,Anniversary,75,F,45.83,21.4,"$1,657,800","$1,185,300","$774,150","$1,959,450",Mid
Vans Old Skool,Almond,69343,22822,31212,15309,November,2015,Q4,Limited,70,M,32.91,22.08,"$1,597,540","$2,184,840","$1,071,630","$3,256,470",Mid
Onitsuka Tiger Mexico 66,Peanut Butter,23848,10386,6097,7365,March,2020,Q1,Holiday,100,F,43.55,30.88,"$1,038,600","$609,700","$736,500","$1,346,200",Mid
Lacoste Carnaby Evo,White Chocolate,37215,19808,7305,10102,March,2020,Q1,Holiday,95,M,53.23,27.14,"$1,881,760","$693,975","$959,690","$1,653,665",Mid
Superga 2750 Cotu Classic,Peanut Butter,99922,44874,890,54158,November,2022,Q4,Special Release,65,F,44.91,54.2,"$2,916,810","$57,850","$3,520,270","$3,578,120",Mid
Hoka One One Clifton 8,Peanut Butter,21955,13133,2994,5828,June,2019,Q2,Special Release,140,F,59.82,26.55,"$1,838,620","$419,160","$815,920","$1,235,080",High
Saucony Jazz Original,Almond,32789,6018,13520,13251,August,2024,Q3,Anniversary,80,M,18.35,40.41,"$481,440","$1,081,600","$1,060,080","$2,141,680",Mid
Columbia Trailstorm Waterproof,Classic,70560,18357,180,52023,July,2016,Q3,Standard,110,M,26.02,73.73,"$2,019,270","$19,800","$5,722,530","$5,742,330",High
Nike Air Force 1 07 Sneakers,Peanut Butter,35969,31990,2339,1640,March,2019,Q1,Standard,115,F,88.94,4.56,"$3,678,850","$268,985","$188,600","$457,585",High
Adidas Originals Samba OG Shoes,White Chocolate,19828,5357,13415,1056,March,2017,Q1,Anniversary,100,M,27.02,5.33,"$535,700","$1,341,500","$105,600","$1,447,100",Mid
Air Jordan 1 Mid Shoes,White Chocolate,53456,13029,37629,2798,March,2020,Q1,Standard,110,F,24.37,5.23,"$1,433,190","$4,139,190","$307,780","$4,446,970",High
Red Tape Casual Sneakers,White Chocolate,61773,37514,23293,966,April,2019,Q2,Anniversary,35,M,60.73,1.56,"$1,312,990","$815,255","$33,810","$849,065",Low
Nike Court Vision Low Shoes,Peanut Butter,46042,23340,8088,14614,November,2024,Q4,Limited,80,M,50.69,31.74,"$1,867,200","$647,040","$1,169,120","$1,816,160",Mid
Puma Smash V2 Sneakers,Creamy,48680,37695,4235,6750,November,2024,Q4,Special Release,65,M,77.43,13.87,"$2,450,175","$275,275","$438,750","$714,025",Mid
Converse Chuck Taylor All Star,Almond,60202,13993,18735,27474,March,2017,Q1,Special Release,60,M,23.24,45.64,"$839,580","$1,124,100","$1,648,440","$2,772,540",Mid
New Balance 574 Core,Crisper,57069,36436,2791,17842,October,2023,Q4,Anniversary,90,F,63.85,31.26,"$3,279,240","$251,190","$1,605,780","$1,856,970",Mid
Reebok Classic Leather,Crisper,45446,16784,27808,854,July,2018,Q3,Special Release,85,F,36.93,1.88,"$1,426,640","$2,363,680","$72,590","$2,436,270",Mid
Under Armour Charged Assert 9,Classic,71824,51849,839,19136,August,2017,Q3,Limited,75,M,72.19,26.64,"$3,888,675","$62,925","$1,435,200","$1,498,125",Mid
Fila Disruptor II Premium,Almond,79951,12328,38865,28758,June,2021,Q2,Anniversary,70,M,15.42,35.97,"$862,960","$2,720,550","$2,013,060","$4,733,610",Mid
ASICS Gel-Quantum 90,Peanut Butter,41005,25840,1957,13208,April,2023,Q2,Holiday,100,M,63.02,32.21,"$2,584,000","$195,700","$1,320,800","$1,516,500",Mid
Skechers DLites,Creamy,56095,42201,4660,9234,August,2016,Q3,Special Release,75,F,75.23,16.46,"$3,165,075","$349,500","$692,550","$1,042,050",Mid
Vans Old Skool,Brownie,50508,16505,1862,32141,June,2015,Q2,Standard,70,M,32.68,63.64,"$1,155,350","$130,340","$2,249,870","$2,380,210",Mid
Onitsuka Tiger Mexico 66,Classic,79002,67650,11341,11,September,2018,Q3,Special Release,100,M,85.63,0.01,"$6,765,000","$1,134,100","$1,100","$1,135,200",Mid
Lacoste Carnaby Evo,Almond,33260,31293,238,1729,September,2024,Q3,Holiday,95,M,94.09,5.2,"$2,972,835","$22,610","$164,255","$186,865",Mid
Superga 2750 Cotu Classic,Brownie,28566,8634,2687,17245,August,2024,Q3,Holiday,65,F,30.22,60.37,"$561,210","$174,655","$1,120,925","$1,295,580",Mid
Hoka One One Clifton 8,Creamy,96787,56851,1531,38405,February,2016,Q1,Holiday,140,M,58.74,39.68,"$7,959,140","$214,340","$5,376,700","$5,591,040",High
Saucony Jazz Original,Peanut Butter,67261,56894,2385,7982,April,2022,Q2,Holiday,80,F,84.59,11.87,"$4,551,520","$190,800","$638,560","$829,360",Mid
Columbia Trailstorm Waterproof,Peanut Butter,97232,82194,1694,13344,December,2016,Q4,Anniversary,110,F,84.53,13.72,"$9,041,340","$186,340","$1,467,840","$1,654,180",High
Nike Air Force 1 07 Sneakers,Peanut Butter,33292,28882,4396,14,November,2022,Q4,Special Release,115,M,86.75,0.04,"$3,321,430","$505,540","$1,610","$507,150",High
Adidas Originals Samba OG Shoes,Peanut Butter,88956,46709,2180,40067,June,2017,Q2,Special Release,100,F,52.51,45.04,"$4,670,900","$218,000","$4,006,700","$4,224,700",Mid
Air Jordan 1 Mid Shoes,Peanut Butter,53406,10099,27710,15597,November,2018,Q4,Holiday,110,M,18.91,29.2,"$1,110,890","$3,048,100","$1,715,670","$4,763,770",High
Red Tape Casual Sneakers,White Chocolate,97821,88768,3553,5500,January,2020,Q1,Standard,35,M,90.75,5.62,"$3,106,880","$124,355","$192,500","$316,855",Low
Nike Court Vision Low Shoes,Creamy,18885,10742,6041,2102,October,2023,Q4,Standard,80,M,56.88,11.13,"$859,360","$483,280","$168,160","$651,440",Mid
Puma Smash V2 Sneakers,Crisper,67438,53010,7553,6875,November,2016,Q4,Anniversary,65,F,78.61,10.19,"$3,445,650","$490,945","$446,875","$937,820",Mid
Converse Chuck Taylor All Star,Almond,81568,54197,24048,3323,April,2024,Q2,Anniversary,60,M,66.44,4.07,"$3,251,820","$1,442,880","$199,380","$1,642,260",Mid
New Balance 574 Core,Peanut Butter,69151,9830,6945,52376,June,2024,Q2,Standard,90,F,14.22,75.74,"$884,700","$625,050","$4,713,840","$5,338,890",Mid
Reebok Classic Leather,Almond,23726,7431,10695,5600,November,2016,Q4,Anniversary,85,M,31.32,23.6,"$631,635","$909,075","$476,000","$1,385,075",Mid
Under Armour Charged Assert 9,Brownie,22203,16073,1264,4866,November,2021,Q4,Anniversary,75,F,72.39,21.92,"$1,205,475","$94,800","$364,950","$459,750",Mid
Fila Disruptor II Premium,Creamy,31626,24900,3170,3556,October,2016,Q4,Standard,70,M,78.73,11.24,"$1,743,000","$221,900","$248,920","$470,820",Mid
ASICS Gel-Quantum 90,Peanut Butter,63645,50691,3876,9078,February,2023,Q1,Special Release,100,F,79.65,14.26,"$5,069,100","$387,600","$907,800","$1,295,400",Mid
Skechers DLites,Almond,41135,11285,28224,1626,May,2019,Q2,Special Release,75,F,27.43,3.95,"$846,375","$2,116,800","$121,950","$2,238,750",Mid
Vans Old Skool,Peanut Butter,17144,10911,6202,31,October,2019,Q4,Standard,70,F,63.64,0.18,"$763,770","$434,140","$2,170","$436,310",Mid
Onitsuka Tiger Mexico 66,Peanut Butter,22712,5843,10088,6781,November,2016,Q4,Holiday,100,F,25.73,29.86,"$584,300","$1,008,800","$678,100","$1,686,900",Mid
Lacoste Carnaby Evo,White Chocolate,25139,15104,3523,6512,April,2020,Q2,Anniversary,95,F,60.08,25.9,"$1,434,880","$334,685","$618,640","$953,325",Mid
Superga 2750 Cotu Classic,Classic,94130,76319,5113,12698,January,2017,Q1,Holiday,65,F,81.08,13.49,"$4,960,735","$332,345","$825,370","$1,157,715",Mid
Hoka One One Clifton 8,Peanut Butter,68428,7924,43249,17255,December,2019,Q4,Anniversary,140,F,11.58,25.22,"$1,109,360","$6,054,860","$2,415,700","$8,470,560",High
Saucony Jazz Original,Brownie,18079,7476,9019,1584,December,2015,Q4,Holiday,80,F,41.35,8.76,"$598,080","$721,520","$126,720","$848,240",Mid
Columbia Trailstorm Waterproof,White Chocolate,87296,34820,16196,36280,September,2015,Q3,Anniversary,110,F,39.89,41.56,"$3,830,200","$1,781,560","$3,990,800","$5,772,360",High
